Site,Date,Point,Depth,Tare,SWEpretare,Density,GPS_ID,,,
Fortress Ridge South,2/19/2020,1,248,161,247,347,1,,,
Fortress Ridge South,2/19/2020,2,252,,,,2,,,
Fortress Ridge South,2/19/2020,3,221,,,,3,,,
Fortress Ridge South,2/19/2020,4,177,162,207,254,4,,,
Fortress Ridge South,2/19/2020,5,263,,,,5,,,
Fortress Ridge South,2/19/2020,6,182,,,,6,,,
Fortress Ridge South,2/19/2020,7,205,,,,7,,,
Fortress Ridge South,2/19/2020,8,178,,,,8,,,
Fortress Ridge South,2/19/2020,9,219,,,,9,,,
Fortress Ridge,2/19/2020,1,36,35.5,48,347,11,,,
Fortress Ridge,2/19/2020,2,1,35.5,,,12,,,
Fortress Ridge,2/19/2020,3,0,35.5,,,13,,,
Fortress Ridge,2/19/2020,4,3,35.5,,,14,,,
Fortress Ridge,2/19/2020,5,1,35.5,,,15,,,
Fortress Ridge,2/19/2020,6,1,35.5,,,16,,,
Fortress Ridge,2/19/2020,7,1,35.5,,,17,,,
Fortress Ridge,2/19/2020,8,3,35.5,,,18,,,
Fortress Ridge,2/19/2020,9,4,35.5,,,19,,,
Fortress Ridge,2/19/2020,10,3,35.5,,,20,,,
Fortress Ridge,2/19/2020,11,3,35.5,,,21,,,
Fortress Ridge,2/19/2020,12,5,35.5,,,22,,,
Fortress Ridge,2/19/2020,13,1,35.5,,,23,,,
Fortress Ridge,2/19/2020,14,5,35.5,,,24,,,
Fortress Ridge,2/19/2020,15,0,35.5,,,25,,,
Fortress Ridge,2/19/2020,16,2,35.5,,,26,,,
Fortress Ridge,2/19/2020,17,7,35.5,37.5,286,27,,,
Fortress Ridge,2/19/2020,18,25,35.5,49,540,28,,,
Fortress Ridge,2/19/2020,19,6,35.5,,,29,,,
Fortress Ridge,2/19/2020,20,0,35.5,,,30,,,
Fortress Ridge,2/19/2020,21,2,35.5,,,31,,,
Deep Gully,2/19/2020,1,122,165,179,115,32,,,
Deep Gully,2/19/2020,2,109,170,176,55,33,,,
Deep Gully,2/19/2020,3,111,170,179,81,34,,,
Deep Gully,2/19/2020,4,164,168,202,207,35,,,
Deep Gully,2/19/2020,5,124,168,205,298,36,,,
Deep Gully,2/19/2020,6,136,168,200,235,38,GPS less accurate,,
Deep Gully,2/19/2020,7,128,164,202,297,39,,,
Deep Gully,2/19/2020,8,124,164,202,306,40,,,
Deep Gully,2/19/2020,9,122,164,201,303,41,,,
Deep Gully,2/19/2020,10,131,164,214,382,42,,,
Deep Gully,2/19/2020,11,105,164,198,324,43,leeward side of tree,,
Deep Gully,2/19/2020,12,45,164,,,44,,,
Deep Gully,2/19/2020,13,138,164,,,45,,,
Deep Gully,2/19/2020,14,130,164,,,46,,,
Deep Gully,2/19/2020,15,244,165,,,47,,,
Deep Gully,2/19/2020,16,205,165,,,48,,,
Deep Gully,2/19/2020,17,221,165,182,77,49,possible ice layer,,
Deep Gully,2/19/2020,18,300,165,,,50,,,
Deep Gully,2/19/2020,19,229,165,,,51,,,
Deep Gully,2/19/2020,20,270,165,,,52,,,
Deep Gully,2/19/2020,21,280,165,,,53,,,
Deep Gully,2/19/2020,22,310,165,,,54,,,
Deep Gully,2/19/2020,23,245,165,,,55,,,
Canadian Ridge,2/19/2020,1,20,35.5,,,60,,,
Canadian Ridge,2/19/2020,2,78,35.5,59.5,308,61,,,
Canadian Ridge,2/19/2020,3,125,35.5,,,62,,,
Canadian Ridge,2/19/2020,4,139,35.5,,,63,,,
Canadian Ridge,2/19/2020,5,115,35.5,71.5,313,64,,,
Canadian Ridge,2/19/2020,6,97,35.5,,,65,,,
Canadian Ridge,2/19/2020,7,85,35.5,,,66,,,
Canadian Ridge,2/19/2020,8,69,35.5,50.5,217,67,,,
Canadian Ridge,2/19/2020,9,74,35.5,,,68,,,
Canadian Ridge,2/19/2020,10,81,35.5,,,69,,,
Canadian Ridge,2/19/2020,11,81,35.5,54.5,235,70,,,
Canadian Ridge,2/19/2020,12,91,35.5,,,71,,,
Canadian Ridge,2/19/2020,13,82,35.5,,,72,,,
Canadian Ridge,2/19/2020,14,81,35.5,57.5,272,73,,,
Powerline,2/19/2020,1,89,35.5,59,264,74,,,
Powerline,2/19/2020,2,118,35.5,,,75,,,
Powerline,2/19/2020,3,87,35.5,,,76,,,
Powerline,2/19/2020,4,77,35.5,56.5,273,77,,,
Powerline,2/19/2020,5,103,35.5,,,78,,,
Powerline,2/19/2020,6,107,35.5,,,79,,,
Powerline,2/19/2020,7,118,35.5,66,258,80,,,
Powerline,2/19/2020,8,125,35.5,,,81,,,
Powerline,2/19/2020,9,114,35.5,,,82,,,
Powerline,2/19/2020,10,145,35.5,,,83,,,
Powerline,2/19/2020,11,157,35.5,,,84,,,
Powerline,2/19/2020,12,138,35.5,,,85,,,
Powerline,2/19/2020,13,133,35.5,,,86,,,
Bonsai,2/19/2020,1,156,106,160,346,2,,,
Bonsai,2/19/2020,2,162,106,,,3,,,
Bonsai,2/19/2020,3,159,106,,,4,,,
Bonsai,2/19/2020,4,165,106,161,333,5,,,
Bonsai,2/19/2020,5,160,106,,,6,,,
Bonsai,2/19/2020,6,158,106,,,7,,,
Bonsai,2/19/2020,7,157,106,159,338,8,,,
Bonsai,2/19/2020,8,161,106,,,9,,,
Bonsai,2/19/2020,9,158,106,,,10,,,
Bonsai,2/19/2020,10,164,106,160,329,11,,,
Bonsai,2/19/2020,11,163,106,160,331,12,,,
Powerline,3/11/2021,1,166,114,157,259,1,,,
Powerline,3/11/2021,2,124,114,,,2,,,
Powerline,3/11/2021,3,93,114,,,3,,,
Powerline,3/11/2021,4,102,114,131,167,4,,,
Powerline,3/11/2021,5,126,114,,,5,,,
Powerline,3/11/2021,6,130.5,114,,,6,,,
Powerline,3/11/2021,7,89,114,134,225,7,,,
Powerline,3/11/2021,8,78,114,,,8,,,
Powerline,3/11/2021,9,86,114,,,9,,,
Powerline,3/11/2021,10,105,114,133,181,10,,,
Powerline,3/11/2021,11,99,114,,,11,,,
Powerline,3/11/2021,12,106,114,,,12,,,
Powerline,3/11/2021,13,108,114,140,241,13,,,
Powerline,3/11/2021,14,121,114,,,14,,,
Powerline,3/11/2021,15,123,114,,,15,,,
Powerline,3/11/2021,16,132,114,,,16,,,
Powerline,3/11/2021,17,121,114,130,132,17,,,
Powerline,3/11/2021,18,127,114,,,18,,,
Powerline,3/11/2021,19,146,114,,,19,,,
Powerline,3/11/2021,20,151,114,140,172,20,,,
Powerline,3/11/2021,21,154,114,,,21,,,
Powerline SPA,3/11/2021,25,156,114,161,470,25,,,
Powerline SPA,3/11/2021,26,157,114,163,490,26,,,
Canadian Ridge,3/11/2021,1,13,134,135,77,27,,,
Canadian Ridge,3/11/2021,2,21,134,,,28,,,
Canadian Ridge,3/11/2021,3,78,125,,,29,,,
Canadian Ridge,3/11/2021,4,95,125,154,305,30,,,
Canadian Ridge,3/11/2021,5,129,125,,,31,,,
Canadian Ridge,3/11/2021,6,132,125,,,32,,,
Canadian Ridge,3/11/2021,7,136,125,167,309,33,,,
Canadian Ridge,3/11/2021,8,143,125,,,34,,,
Canadian Ridge,3/11/2021,9,141,125,,,35,,,
Canadian Ridge,3/11/2021,10,123,125,160,285,36,,,
Canadian Ridge,3/11/2021,11,126,120,,,37,,,
Canadian Ridge,3/11/2021,12,113,120,,,38,,,
Canadian Ridge,3/11/2021,13,96,120,150,313,39,,,
Canadian Ridge,3/11/2021,14,88,120,,,40,,,
Canadian Ridge,3/11/2021,15,77,120,,,41,,,
Canadian Ridge,3/11/2021,16,76,120,141,276,42,,,
Canadian Ridge,3/11/2021,17,74,120,,,43,,,
Canadian Ridge,3/11/2021,18,48,120,,,44,,,
Canadian Ridge,3/11/2021,19,74,120,141,284,45,,,
Canadian Ridge,3/11/2021,20,88,120,,,46,,,
Canadian Ridge,3/11/2021,21,101,120,,,47,,,
Canadian Ridge,3/11/2021,22,94,120,142,234,48,,,
Canadian Ridge,3/11/2021,23,106,122,,,49,,,
Canadian Ridge,3/11/2021,24,100,122,,,50,,,
Fortress Ridge South,3/11/2021,1,252,175,,,52,,,
Fortress Ridge South,3/11/2021,2,259,179,,,53,,,
Fortress Ridge South,3/11/2021,3,324,182,,,54,,,
Fortress Ridge South,3/11/2021,4,209,166,,,55,,,
Fortress Ridge South,3/11/2021,5,219,166,,,56,,,
Fortress Ridge South,3/11/2021,6,238,166,,,57,,,
Fortress Ridge South,3/11/2021,7,207,166,238,348,58,,,
Fortress Ridge South,3/11/2021,8,192,166,,,59,,,
Fortress Ridge South,3/11/2021,9,186,166,,,60,`,,
Fortress Ridge South,3/11/2021,10,216,166,,,61,,,
Bonsai,3/11/2021,1,147,168,210,286,65,,,
Bonsai,3/11/2021,2,175,168,,,66,,,
Bonsai,3/11/2021,3,182,168,,,67,,,
Bonsai,3/11/2021,4,176,168,200,182,68,,,
Bonsai,3/11/2021,5,182,168,,,69,,,
Bonsai,3/11/2021,6,175,168,,,70,,,
Bonsai,3/11/2021,7,178,168,216,270,71,,,
Bonsai,3/11/2021,8,175,168,,,72,,,
Bonsai,3/11/2021,9,182,168,,,73,,,
Bonsai,3/11/2021,10,179,168,217,274,74,,,
Bonsai,3/11/2021,11,181,168,,,75,,,
Bonsai,3/11/2021,12,180,168,,,76,,,
Fortress Ridge South,4/14/2021,1,261,162,,,,,,
Fortress Ridge South,4/14/2021,2,270,162,,,,,,
Fortress Ridge South,4/14/2021,3,236,162,,,,,,
Fortress Ridge South,4/14/2021,4,197,164,230,335,,,,
Fortress Ridge South,4/14/2021,5,225,164,,,,,,
Fortress Ridge South,4/14/2021,6,238,164,,,,,,
Fortress Ridge South,4/14/2021,7,242,164,,,,,,
Fortress Ridge South,4/14/2021,8,210,164,243,376,,,,
Fortress Ridge South,4/14/2021,9,236,164,,,,,,
Fortress Ridge South,4/14/2021,10,251,164,,,,,,
Canadian Ridge,4/14/2021,1,46,116,129,283,,,,
Canadian Ridge,4/14/2021,2,103,116,,,,,,
Canadian Ridge,4/14/2021,3,118,116,,,,,,
Canadian Ridge,4/14/2021,4,172,116,176,349,,,,
Canadian Ridge,4/14/2021,5,165,116,,,,,,
Canadian Ridge,4/14/2021,6,169,116,,,,,,
Canadian Ridge,4/14/2021,7,179,116,175,330,,,,
Canadian Ridge,4/14/2021,8,164,116,,,,,,
Canadian Ridge,4/14/2021,9,144,116,,,,,,
Canadian Ridge,4/14/2021,10,139,116,152,259,,,,
Canadian Ridge,4/14/2021,11,120,116,,,,,,
Canadian Ridge,4/14/2021,12,116,116,,,,,,
Canadian Ridge,4/14/2021,13,121,116,148,264,,,,
Canadian Ridge,4/14/2021,14,122,116,,,,,,
Canadian Ridge,4/14/2021,15,119,116,,,,,,
Canadian Ridge,4/14/2021,16,152,116,159,283,,,,
Canadian Ridge,4/14/2021,17,133,116,,,,,,
Canadian Ridge,4/14/2021,18,148,116,,,,,,
Canadian Ridge,4/14/2021,19,149,116,154,255,,,,
Canadian Ridge,4/14/2021,20,145,116,,,,,,
Powerline,4/14/2021,1,113,118,151,292,,,,
Powerline,4/14/2021,2,136,118,,,,,,
Powerline,4/14/2021,3,148,118,,,,,,
Powerline,4/14/2021,4,111,118,142,162,,,,
Powerline,4/14/2021,5,93,118,,,,,,
Powerline,4/14/2021,6,131,118,,,,,,
Powerline,4/14/2021,7,138,118,153,267,,,,
Powerline,4/14/2021,8,137,118,,,,,,
Powerline,4/14/2021,9,145,118,,,,,,
Powerline,4/14/2021,10,130,118,157,269,,,,
Powerline,4/14/2021,11,148,118,,,,,,
Powerline,4/14/2021,12,187,118,,,,,,
Powerline,4/14/2021,13,171,118,166,257,,,,
Powerline,4/14/2021,14,168,118,,,,,,
Powerline,4/14/2021,15,173,118,,,,,,
Fortres Ridge,4/15/2021,1,60,36,51,250,,,,
Fortres Ridge,4/15/2021,2,38,36,,,,,,
Fortres Ridge,4/15/2021,3,24,36,,,,,,
Fortres Ridge,4/15/2021,4,16,36,,,,,,
Fortres Ridge,4/15/2021,5,22,36,,,,,,
Fortres Ridge,4/15/2021,6,18.5,36,41,270,,,,
Fortres Ridge,4/15/2021,7,19,36,,,,,,
Fortres Ridge,4/15/2021,8,14,36,,,,,,
Fortres Ridge,4/15/2021,9,24,36,,,,,,
Fortres Ridge,4/15/2021,10,12,36,,,,,,
Fortres Ridge,4/15/2021,11,15,36,39.5,233,,,,
Fortres Ridge,4/15/2021,12,13,36,,,,,,
Fortres Ridge,4/15/2021,13,19,36,,,,,,
Fortres Ridge,4/15/2021,14,23,36,,,,,,
Fortres Ridge,4/15/2021,15,1,36,,,,,,
Fortres Ridge,4/15/2021,16,16,36,,,,,,
Fortres Ridge,4/15/2021,17,13,36,40.5,346,,,,
Fortres Ridge,4/15/2021,18,19,36,,,,,,
Fortres Ridge,4/15/2021,19,20,36,,,,,,
Fortres Ridge,4/15/2021,20,21,36,,,,,,
Bonsai,4/15/2021,1,185,116,179,341,,,,
Bonsai,4/15/2021,2,195,116,,,,,,
Bonsai,4/15/2021,3,197,116,,,,,,
Bonsai,4/15/2021,4,193,116,176,311,,,,
Bonsai,4/15/2021,5,202,116,,,,,,
Bonsai,4/15/2021,6,203,116,,,,,,
Bonsai,4/15/2021,7,197,116,180,325,,,,
Bonsai,4/15/2021,8,200,116,,,,,,
Bonsai,4/15/2021,9,197,116,,,,,,
Bonsai,4/15/2021,10,205,116,182,322,,,,
Bonsai,4/15/2021,11,211,116,,,,,,
Bonsai,4/15/2021,12,203,116,,,,,,
Fortress Ridge South,4/28/2021,1,222,163,238,338,20,,,
Fortress Ridge South,4/28/2021,2,261,163,,,,,,
Fortress Ridge South,4/28/2021,3,228,163,,,,,,
Fortress Ridge South,4/28/2021,4,190,163,233,368,21,,,
Fortress Ridge South,4/28/2021,5,188,163,,,,,,
Fortress Ridge South,4/28/2021,6,235,163,,,,,,
Fortress Ridge South,4/28/2021,7,254,163,268,413,22,,,
Fortress Ridge South,4/28/2021,8,236,163,,,,,,
Fortress Ridge South,4/28/2021,9,212,163,,,,,,
Fortress Ridge South,4/28/2021,10,250,163,268,420,23,,,
Fortres Ridge,4/28/2021,1,17.5,37,41,229,26,,,
Fortres Ridge,4/28/2021,2,34,37,,,,,,
Fortres Ridge,4/28/2021,3,20,37,,,,,,
Fortres Ridge,4/28/2021,4,10,37,40,300,27,,,
Fortres Ridge,4/28/2021,5,15,37,,,,,,
Fortres Ridge,4/28/2021,6,10,37,,,,,,
Fortres Ridge,4/28/2021,7,19.5,37,43,308,28,,,
Fortres Ridge,4/28/2021,8,7,37,,,,,,
Fortres Ridge,4/28/2021,9,13,37,,,,,,
Fortres Ridge,4/28/2021,10,12.5,37,41,320,29,,,
Fortres Ridge,4/28/2021,11,10,37,,,,,,
Fortres Ridge,4/28/2021,12,9,37,,,,,,
Fortres Ridge,4/28/2021,13,6.5,37,38,154,30,,,
Fortres Ridge,4/28/2021,14,13,37,,,,,,
Fortres Ridge,4/28/2021,15,12,37,,,,,,
Fortres Ridge,4/28/2021,16,12,37,40,250,31,,,
Fortres Ridge,4/28/2021,17,23,37,,,,,,
Fortres Ridge,4/28/2021,18,27,37,,,,,,
Fortres Ridge,4/28/2021,19,14,37,41,286,32,,,
Fortres Ridge,4/28/2021,20,25,37,,,,,,
Bonsai,4/28/2021,1,178,114,180,371,13,,,
Bonsai,4/28/2021,2,193,114,,,,,,
Bonsai,4/28/2021,3,188,114,,,,,,
Bonsai,4/28/2021,4,185,114,167,286,14,,,
Bonsai,4/28/2021,5,205,114,,,,,,
Bonsai,4/28/2021,6,196,114,,,,,,
Bonsai,4/28/2021,7,193,114,180,342,15,,,
Bonsai,4/28/2021,8,191,114,,,,,,
Bonsai,4/28/2021,9,197,114,,,,,,
Bonsai,4/28/2021,10,199,114,186,362,16,,,
Bonsai,4/28/2021,11,196,114,,,,,,
Bonsai,4/28/2021,12,213,114,,,,,,
Bonsai,4/28/2021,13,210,114,182,324,17,,,
Canadian Ridge,4/28/2021,1,52,117,127,192,33,,,
Canadian Ridge,4/28/2021,2,62,117,,,,,,
Canadian Ridge,4/28/2021,3,116,117,,,,,,
Canadian Ridge,4/28/2021,4,122,117,152,287,34,,,
Canadian Ridge,4/28/2021,5,187,117,,,,,,
Canadian Ridge,4/28/2021,6,184,117,,,,,,
Canadian Ridge,4/28/2021,7,183,117,180,344,35,,,
Canadian Ridge,4/28/2021,8,165,117,,,,,,
Canadian Ridge,4/28/2021,9,154,117,,,,,,
Canadian Ridge,4/28/2021,10,139,117,155,273,36,,,
Canadian Ridge,4/28/2021,11,124,117,,,,,,
Canadian Ridge,4/28/2021,12,118,117,,,,,,
Canadian Ridge,4/28/2021,13,115,117,149,278,37,,,
Canadian Ridge,4/28/2021,14,119,117,,,,,,
Canadian Ridge,4/28/2021,15,124,117,,,,,,
Canadian Ridge,4/28/2021,16,124,117,149,258,38,,,
Canadian Ridge,4/28/2021,17,125,117,,,,,,
Canadian Ridge,4/28/2021,18,124,117,,,,,,
Canadian Ridge,4/28/2021,19,146,117,157,274,39,,,
Canadian Ridge,4/28/2021,20,179,117,,,,,,
Powerline,4/28/2021,1,123,115,152,301,40,,,
Powerline,4/28/2021,2,144,115,,,,,,
Powerline,4/28/2021,3,151,115,,,,,,
Powerline,4/28/2021,4,100,115,143,185,41,,,
Powerline,4/28/2021,5,102,115,,,,,,
Powerline,4/28/2021,6,144,115,,,,,,
Powerline,4/28/2021,7,138,115,153,264,42,,,
Powerline,4/28/2021,8,152,115,,,,,,
Powerline,4/28/2021,9,130,115,,,,,,
Powerline,4/28/2021,10,149,115,166,392,43,,,
Powerline,4/28/2021,11,158,115,,,,,,
Powerline,4/28/2021,12,162,115,,,,,,
Powerline,4/28/2021,13,162,115,166,315,44,,,
Powerline,4/28/2021,14,154,115,,,,,,
Snow Experiment,4/28/2021,1,101,35.5,74,381,1,,,
Snow Experiment,4/28/2021,2,90.5,35.5,65,326,2,,,
Snow Experiment,4/28/2021,3,88,35.5,65,335,3,,,
Snow Experiment,4/28/2021,4,87,35.5,64,328,4,,,
Snow Experiment,4/28/2021,5,78.5,35.5,60,312,5,,,
Snow Experiment,4/28/2021,6,66,35.5,55,295,6,,,
Snow Experiment,4/28/2021,7,66,35.5,55,295,7,,,
Snow Experiment,4/28/2021,8,65,35.5,57,331,8,,,
Snow Experiment,4/28/2021,9,80,35.5,61,319,9,,,
Snow Experiment,4/28/2021,10,87,35.5,65,339,10,,,
Snow Experiment,4/28/2021,11,100,35.5,70,345,11,,,
Snow Experiment,4/28/2021,12,112,35.5,78,379,12,,,
Fortress Ridge South,5/5/2021,1,250,172,,,,,,
Fortress Ridge South,5/5/2021,2,240,172,260,367,1,,,
Fortress Ridge South,5/5/2021,3,234,172,,,,,,
Fortress Ridge South,5/5/2021,4,220,172,,,,,,
Fortress Ridge South,5/5/2021,5,213,172,242,329,2,,,
Fortress Ridge South,5/5/2021,6,248,172,,,,,,
Fortress Ridge South,5/5/2021,7,239,172,,,,,,
Fortress Ridge South,5/5/2021,8,224,172,256,375,3,,,
Fortress Ridge South,5/5/2021,9,195,172,,,,,,
Fortress Ridge South,5/5/2021,10,214,172,,,,,,
Fortress Ridge South,5/5/2021,11,246,172,252,325,4,,,
Fortres Ridge,5/5/2021,1,19,36,42,316,7,,,
Fortres Ridge,5/5/2021,2,33,36,,,,,,
Fortres Ridge,5/5/2021,3,19,36,,,,,,
Fortres Ridge,5/5/2021,4,11,36,39,273,8,,,
Fortres Ridge,5/5/2021,5,11,36,,,,,,
Fortres Ridge,5/5/2021,6,7,36,,,,,,
Fortres Ridge,5/5/2021,7,11,36,38,182,9,,,
Fortres Ridge,5/5/2021,8,14,36,,,,,,
Fortres Ridge,5/5/2021,9,7,36,,,,,,
Fortres Ridge,5/5/2021,10,10,36,,,,,,
Fortres Ridge,5/5/2021,11,10,36,,,,,,
Fortres Ridge,5/5/2021,12,5,36,,,,,,
Fortres Ridge,5/5/2021,13,13,36,39,231,10,,,
Fortres Ridge,5/5/2021,14,19,36,,,,,,
Fortres Ridge,5/5/2021,15,8,36,,,,,,
Fortres Ridge,5/5/2021,16,8,36,,,,,,
Fortres Ridge,5/5/2021,17,12,36,,,,,,
Fortres Ridge,5/5/2021,18,10,36,39,300,,,,
Fortres Ridge,5/5/2021,19,14,36,,,,,,
Fortres Ridge,5/5/2021,20,16,36,,,,,,
Bonsai,5/5/2021,1,162,114,174,370,12,,,
Bonsai,5/5/2021,2,178,114,,,,,,
Bonsai,5/5/2021,3,182,114,,,,,,
Bonsai,5/5/2021,4,180,114,182,378,13,,,
Bonsai,5/5/2021,5,186,114,,,,,,
Bonsai,5/5/2021,6,175,114,,,,,,
Bonsai,5/5/2021,7,175,114,180,377,14,,,
Bonsai,5/5/2021,8,172,114,,,,,,
Bonsai,5/5/2021,9,187,114,,,,,,
Bonsai,5/5/2021,10,183,114,186,393,15,,,
Bonsai,5/5/2021,11,183,114,,,,,,
Bonsai,5/5/2021,12,202,114,,,,,,
Bonsai,5/5/2021,13,197,114,180,335,16,,,
Canadian Ridge,5/5/2021,1,39,112,130,462,19,,,
Canadian Ridge,5/5/2021,2,29,112,,,,,,
Canadian Ridge,5/5/2021,3,30,112,,,,,,
Canadian Ridge,5/5/2021,4,59,112,133,356,20,,,
Canadian Ridge,5/5/2021,5,154,112,,,,,,
Canadian Ridge,5/5/2021,6,166,112,,,,,,
Canadian Ridge,5/5/2021,7,170,112,170,341,21,,,
Canadian Ridge,5/5/2021,8,131,112,,,,,,
Canadian Ridge,5/5/2021,9,140,112,,,,,,
Canadian Ridge,5/5/2021,10,125,112,153,328,22,,,
Canadian Ridge,5/5/2021,11,110,112,,,,,,
Canadian Ridge,5/5/2021,12,115,112,,,,,,
Canadian Ridge,5/5/2021,13,116,112,153,353,23,,,
Canadian Ridge,5/5/2021,14,106,112,,,,,,
Canadian Ridge,5/5/2021,15,109,112,,,,,,
Canadian Ridge,5/5/2021,16,126,112,160,381,24,,,
Canadian Ridge,5/5/2021,17,135,112,,,,,,
Canadian Ridge,5/5/2021,18,125,112,,,,,,
Canadian Ridge,5/5/2021,19,116,112,152,345,25,,,
Canadian Ridge,5/5/2021,20,123,112,,,,,,
Powerline,5/5/2021,1,140,114,160,329,26,,,
Powerline,5/5/2021,2,90,114,,,,,,
Powerline,5/5/2021,3,140,114,,,,,,
Powerline,5/5/2021,4,75,114,136,157,27,,,
Powerline,5/5/2021,5,110,114,,,,,,
Powerline,5/5/2021,6,115,114,,,,,,
Powerline,5/5/2021,7,127,114,154,348,28,,,
Powerline,5/5/2021,8,115,114,,,,,,
Powerline,5/5/2021,9,117,114,,,,,,
Powerline,5/5/2021,10,138,114,162,410,29,,,
Powerline,5/5/2021,11,128,114,,,,,,
Powerline,5/5/2021,12,145,114,,,,,,
Powerline,5/5/2021,13,142,114,164,345,30,,,
Snow Experiment,5/5/2021,1,60,35.5,54,308,33,,,
Snow Experiment,5/5/2021,2,66,35.5,56,311,34,,,
Snow Experiment,5/5/2021,3,59,35.5,55,331,35,,,
Snow Experiment,5/5/2021,4,49,35.5,48,255,36,,,
Snow Experiment,5/5/2021,5,48,35.5,53,365,37,,,
Snow Experiment,5/5/2021,6,47,35.5,52,351,38,,,
Snow Experiment,5/5/2021,7,58,35.5,53,302,39,,,
Snow Experiment,5/5/2021,8,53,35.5,54,349,40,,,
Snow Experiment,5/5/2021,9,84,35.5,63,327,41,,,
Snow Experiment,5/5/2021,10,111,35.5,77,374,42,,,
Snow Experiment,5/5/2021,11,74,35.5,63,372,43,,,
Snow Experiment,5/5/2021,12,68,35.5,59,346,44,,,
Fortress Ridge South,5/17/2021,1,174,159,225,379,2,,,
Fortress Ridge South,5/17/2021,2,204,159,253,461,3,,,
Fortress Ridge South,5/17/2021,3,140,159,223,457,4,,,
Fortress Ridge South,5/17/2021,4,100,159,204,450,5,,,
Fortress Ridge South,5/17/2021,5,68,159,191,471,6,,,
Fortress Ridge South,5/17/2021,6,37,159,177,486,7,,,
Bonsai,5/17/2021,1,143,115,172,399,8,,,
Bonsai,5/17/2021,2,143,115,176,427,9,,,
Bonsai,5/17/2021,3,144,115,175,417,10,,,
Bonsai,5/17/2021,4,147,115,170,374,11,,,
Bonsai,5/17/2021,5,168,115,180,387,12,,,
Bonsai,5/17/2021,6,152,115,178,414,13,,,
Bonsai,5/17/2021,7,155,115,177,400,14,,,
Powerline,5/17/2021,1,72.5,115,150,483,,,,
Powerline,5/17/2021,2,112,115,154,348,24,,,
Powerline,5/17/2021,3,92,115,142,293,,,,
Powerline,5/17/2021,4,100,115,150,350,,,,
Powerline,5/17/2021,5,102,115,149,333,25,,,
Powerline,5/17/2021,6,115,115,158,374,26,,,
Powerline,5/17/2021,7,119,115,159,370,27,,,
Canadian Ridge,5/18/2021,1,70.5,115,143,397,15,,,
Canadian Ridge,5/18/2021,2,142,115,171,394,16,,,
Canadian Ridge,5/18/2021,3,134,115,169,403,22,,,
Canadian Ridge,5/18/2021,4,94,115,147,340,18,,,
Canadian Ridge,5/18/2021,5,72,115,139,333,19,,,
Canadian Ridge,5/18/2021,6,70,115,138,329,20,,,
Canadian Ridge,5/18/2021,7,85.5,115,145,351,21,,,
Fortres Ridge,5/30/2021,1,53,162,182,377,,,,
Fortres Ridge,5/30/2021,2,63,162,184,349,,,,
Fortres Ridge,5/30/2021,3,72,162,190,389,,,,
Fortres Ridge,5/30/2021,4,95,162,196,358,,,,
Fortres Ridge,5/30/2021,5,105,162,201,371,,,,
Fortres Ridge,5/30/2021,6,111,162,200,342,,,,
Fortres Ridge,5/30/2021,7,104,162,199,356,,,,
Fortres Ridge,5/30/2021,8,136,162,210,353,,,,
Fortres Ridge,5/30/2021,9,211,162,246,398,,,,
Fortress Ridge South,6/1/2021,1,72,114,144,417,2,,,
Fortress Ridge South,6/1/2021,2,85,114,,,,,,
Fortress Ridge South,6/1/2021,3,61,114,,,,,,
Fortress Ridge South,6/1/2021,4,86,114,155,477,3,,,
Fortress Ridge South,6/1/2021,5,81,114,,,,,,
Fortress Ridge South,6/1/2021,6,125,114,,,,,,
Fortress Ridge South,6/1/2021,7,167,114,196,491,4,,,
Fortress Ridge South,6/1/2021,8,146,114,,,,,,
Fortress Ridge South,6/1/2021,9,137,114,,,,,,
Fortress Ridge South,6/1/2021,10,75,114,144,400,5,,,
Fortress Ridge South,6/1/2021,11,96,114,,,,,,
Fortress Ridge South,6/1/2021,12,54,114,,,,,,
Fortress Ridge South,6/1/2021,13,92,114,154,435,6,,,
Fortress Ridge South,6/1/2021,14,63,114,,,,,,
Fortress Ridge South,6/1/2021,15,121,114,,,,,,
Fortress Ridge South,6/1/2021,16,120,114,162,400,7,,,
Bonsai,6/1/2021,1,112,37,85,429,8,,,
Bonsai,6/1/2021,2,114,37,,,,,,
Bonsai,6/1/2021,3,111,37,,,,,,
Bonsai,6/1/2021,4,111,37,81,396,9,,,
Bonsai,6/1/2021,5,102,37,,,,,,
Bonsai,6/1/2021,6,113,37,,,,,,
Bonsai,6/1/2021,7,117,37,80,368,10,,,
Bonsai,6/1/2021,8,130,37,,,,,,
Bonsai,6/1/2021,9,134,37,,,,,,
Bonsai,6/1/2021,10,139,37,96,424,11,,,
Canadian Ridge,6/1/2021,1,0,37,,,,,,
Canadian Ridge,6/1/2021,2,29,37,48.5,397,,,,
Canadian Ridge,6/1/2021,3,105,37,85,457,,,,
Canadian Ridge,6/1/2021,4,93,37.5,,,,,,
Canadian Ridge,6/1/2021,5,92,37.5,78,440,,,,
Canadian Ridge,6/1/2021,6,67,37.5,59.5,328,,,,
Canadian Ridge,6/1/2021,7,31,37.5,47,306,,,,
Canadian Ridge,6/1/2021,8,33,37.5,47.5,303,,,,
Canadian Ridge,6/1/2021,9,46,37.5,54,359,,,,
Powerline,6/1/2021,1,90,37.5,78,450,12,,,
Powerline,6/1/2021,2,60,37.5,,,,,,
Powerline,6/1/2021,3,37,37.5,,,,,,
Powerline,6/1/2021,4,100,37.5,80,425,16,,,
Powerline,6/1/2021,5,46,37.5,,,,,,
Powerline,6/1/2021,6,61,37.5,,,,,,
Powerline,6/1/2021,7,76,37.5,73,467,13,,,
Powerline,6/1/2021,8,102,37.5,,,,,,
Powerline,6/1/2021,9,56,37.5,,,,,,
Powerline,6/1/2021,10,68,37.5,62,360,14,,,
Powerline,6/1/2021,11,74,37.5,,,,,,
Powerline,6/1/2021,12,86,37.5,,,,,,
Powerline,6/1/2021,13,85,37.5,70,382,15,,,
Fortress Ridge South,6/8/2021,1,80,66,,,,,,
Fortress Ridge South,6/8/2021,2,115,66,116,435,1,,,
Fortress Ridge South,6/8/2021,3,122,66,,,,,,
Fortress Ridge South,6/8/2021,4,76,66,97,408,2,,,
Fortress Ridge South,6/8/2021,5,75,66,,,,,,
Fortress Ridge South,6/8/2021,6,82,66,,,,,,
Fortress Ridge South,6/8/2021,7,8,66,,,,,,
Fortress Ridge South,6/8/2021,8,94,66,111,479,3,,,
Fortress Ridge South,6/8/2021,9,105,66,,,,,,
Fortress Ridge South,6/8/2021,10,81,66,100,420,4,,,
Fortress Ridge South,6/8/2021,11,90,66,,,,,,
Fortress Ridge South,6/8/2021,12,108,66,110,407,5,,,
Fortress Ridge South,6/8/2021,13,140,66,,,,,,
Fortress Ridge South,6/8/2021,14,125,66,122,448,6,,,
Bonsai,6/8/2021,1,83,36.5,74,452,10,,,
Bonsai,6/8/2021,2,94,36.5,,,,,,
Bonsai,6/8/2021,3,73,36.5,,,,,,
Bonsai,6/8/2021,4,80,36.5,71,431,11,,,
Bonsai,6/8/2021,5,81,36.5,,,,,,
Bonsai,6/8/2021,6,74,36.5,,,,,,
Bonsai,6/8/2021,7,79,36.5,69,411,12,,,
Bonsai,6/8/2021,8,86,36.5,,,,,,
Bonsai,6/8/2021,9,81,36.5,,,,,,
Bonsai,6/8/2021,10,99,36.5,75,389,13,,,
Bonsai,6/8/2021,11,120,36.5,,,,,,
Bonsai,6/8/2021,12,122,36.5,99,512,16,,,
Powerline,6/8/2021,1,30,36.5,46.5,333,17,,,
Powerline,6/8/2021,2,0,36.5,,,,,,
Powerline,6/8/2021,3,45,36.5,,,,,,
Powerline,6/8/2021,4,65,36.5,61,377,18,,,
Powerline,6/8/2021,5,40,36.5,,,,,,
Powerline,6/8/2021,6,0,36.5,,,,,,
Powerline,6/8/2021,7,30,36.5,47,350,19,,,
Powerline,6/8/2021,8,34,36.5,,,,,,
Powerline,6/8/2021,9,27,36.5,,,,,,
Powerline,6/8/2021,10,31,36.5,48,371,20,,,
Powerline,6/8/2021,11,0,36.5,,,,,,
Powerline,6/8/2021,12,19,36.5,,,,,,
Powerline,6/8/2021,13,50,36.5,56,390,21,,,
Powerline,6/8/2021,14,20,36.5,,,,,,
Powerline,6/8/2021,15,52,36.5,,,,,,
Powerline,6/8/2021,16,44,36.5,53,375,24,,,
Powerline,6/8/2021,17,54,36.5,,,,,,
Powerline,6/8/2021,18,59,36.5,60,398,23,,,
Fortress Ridge South,6/25/2021,1,53,36.5,51,274,1,,,
Fortress Ridge South,6/25/2021,2,83,36.5,79,512,2,,,
Fortress Ridge South,6/25/2021,3,100,36.5,88,515,3,,,
Fortress Ridge South,6/25/2021,4,97,36.5,84,490,4,,,
Fortress Ridge South,6/25/2021,5,89,36.5,80,489,5,,,
Fortress Ridge South,6/25/2021,6,110,36.5,93,514,6,,,
Canadian Ridge,6/25/2021,1,109,36,91,505,,,,
Canadian Ridge,6/25/2021,2,22,36,45.5,432,,,,
Canadian Ridge,6/25/2021,3,70,36,70,486,,,,
Canadian Ridge,6/25/2021,4,89,36,85,551,,,, 
Canadian Ridge,6/25/2021,5,58,36,65,500,,,,
Powerline,2/16/2022,1,145,114,174,413.7931034,2,,,
Powerline,2/16/2022,2,98,114,NA,NA,3,,,
Powerline,2/16/2022,3,119,114,NA,NA,5,,,
Powerline,2/16/2022,4,116,114,159,387.9310345,6,,,
Powerline,2/16/2022,5,77,114,NA,NA,7,,,
Powerline,2/16/2022,6,116,114,NA,NA,8,,,
Powerline,2/16/2022,7,120,114,148,283.3333333,9,,,
Powerline,2/16/2022,8,99,114,NA,NA,10,,,
Powerline,2/16/2022,9,110,114,NA,NA,11,,,
Powerline,2/16/2022,10,115,114,146,278.2608696,12,,,
Powerline,2/16/2022,11,140,114,NA,NA,13,,,
Powerline,2/16/2022,12,135,114,NA,NA,14,,,
Powerline,2/16/2022,13,132,114,163,371.2121212,15,,,
Powerline,2/16/2022,14,123,114,NA,NA,16,,,
Fortress Ridge South,2/16/2022,1,215,160,NA,NA,45,,,
Fortress Ridge South,2/16/2022,2,214,160,242,383.1775701,46,,,
Fortress Ridge South,2/16/2022,3,215,160,NA,NA,47,,,
Fortress Ridge South,2/16/2022,4,182,160,NA,NA,48,,,
Fortress Ridge South,2/16/2022,5,178,160,233,410.1123596,49,,,
Fortress Ridge South,2/16/2022,6,206,160,NA,NA,50,,,
Fortress Ridge South,2/16/2022,7,175,160,NA,NA,51,,,
Fortress Ridge South,2/16/2022,8,200,160,242,410,52,,,
Fortress Ridge South,2/16/2022,9,165,160,NA,NA,53,,,
Fortress Ridge,2/16/2022,1,3,NA,NA,NA,56,,,
Fortress Ridge,2/16/2022,2,4,NA,NA,NA,57,,,
Fortress Ridge,2/16/2022,3,5,NA,NA,NA,58,,,
Fortress Ridge,2/16/2022,4,8,NA,NA,NA,59,,,
Fortress Ridge,2/16/2022,5,4,NA,NA,NA,60,,,
Fortress Ridge,2/16/2022,6,7,NA,NA,NA,61,,,
Fortress Ridge,2/16/2022,7,6,NA,NA,NA,62,,,
Fortress Ridge,2/16/2022,8,5,NA,NA,NA,63,,,
Fortress Ridge,2/16/2022,9,3,NA,NA,NA,64,,,
Fortress Ridge,2/16/2022,10,2,NA,NA,NA,65,,,
Fortress Ridge,2/16/2022,11,5,NA,NA,NA,66,,,
Fortress Ridge,2/16/2022,12,4,NA,NA,NA,67,,,
Fortress Ridge,2/16/2022,14,3,NA,NA,NA,69,,,
Fortress Ridge,2/16/2022,15,3,NA,NA,NA,70,,,
Fortress Ridge,2/16/2022,16,5,NA,NA,NA,71,,,
Fortress Ridge,2/16/2022,17,4,NA,NA,NA,72,,,
Fortress Ridge,2/16/2022,18,5,NA,NA,NA,73,,,
Fortress Ridge,2/16/2022,19,6,NA,NA,NA,74,,,
Fortress Ridge,2/16/2022,20,4,NA,NA,NA,75,,,
Bonsai,2/16/2022,1,178.5,114,174,336.1344538,78,,,
Bonsai,2/16/2022,2,183,114,NA,NA,79,,,
Bonsai,2/16/2022,3,180,114,NA,NA,80,,,
Bonsai,2/16/2022,4,176,114,170,318.1818182,81,,,
Bonsai,2/16/2022,5,183,114,NA,NA,82,,,
Bonsai,2/16/2022,6,173,114,NA,NA,83,,,
Bonsai,2/16/2022,7,175,114,172,331.4285714,84,,,
Bonsai,2/16/2022,8,195,114,NA,NA,85,,,
Bonsai,2/16/2022,9,179,114,NA,NA,86,,,
Bonsai,2/16/2022,10,182,114,177,346.1538462,87,,,
Bonsai,2/16/2022,11,174,114,NA,NA,88,,,
Canadian Ridge,2/16/2022,1,61.5,160,179,308.9430894,91,,,
Canadian Ridge,2/16/2022,2,76,160,NA,NA,92,,,
Canadian Ridge,2/16/2022,3,131,160,NA,NA,93,,,
Canadian Ridge,2/16/2022,4,159,160,226,415.0943396,94,,,
Canadian Ridge,2/16/2022,5,154,160,NA,NA,95,,,
Canadian Ridge,2/16/2022,6,150,160,NA,NA,96,,,
Canadian Ridge,2/16/2022,7,128,160,208,375,97,,,
Canadian Ridge,2/16/2022,8,98,160,NA,NA,98,,,
Canadian Ridge,2/16/2022,9,74,160,NA,NA,99,,,
Canadian Ridge,2/16/2022,10,75,160,182,293.3333333,100,,,
Canadian Ridge,2/16/2022,11,85,160,NA,NA,101,,,
Canadian Ridge,2/16/2022,12,88,160,NA,NA,102,,,
Canadian Ridge,2/16/2022,13,74,160,186,351.3513514,103,,,
Canadian Ridge,2/16/2022,14,67,160,NA,NA,104,,,
Canadian Ridge,2/16/2022,15,65,160,NA,NA,105,,,
Fortress Ridge South,3/9/2022,1,290,162,NA,NA,1,,,
Fortress Ridge South,3/9/2022,2,295,162,NA,NA,2,,,
Fortress Ridge South,3/9/2022,3,242,162,226,264.4628099,3,,,
Fortress Ridge South,3/9/2022,4,184,162,230,369.5652174,4,,,
Fortress Ridge South,3/9/2022,5,235,162,NA,NA,5,,,
Fortress Ridge South,3/9/2022,6,177,162,NA,NA,6,,,
Fortress Ridge South,3/9/2022,7,215,162,242,372.0930233,7,,,
Fortress Ridge South,3/9/2022,8,252,162,250,349.2063492,8,,,
Fortress Ridge,3/9/2022,1,61,68,80,196.7213115,11,,,
Fortress Ridge,3/9/2022,2,35,68,NA,NA,12,,,
Fortress Ridge,3/9/2022,3,22,68,NA,NA,13,,,
Fortress Ridge,3/9/2022,4,23,68,69,43.47826087,14,,,
Fortress Ridge,3/9/2022,5,14,68,NA,NA,15,,,
Fortress Ridge,3/9/2022,6,23,68,NA,NA,16,,,
Fortress Ridge,3/9/2022,7,11,68,NA,NA,17,,,
Fortress Ridge,3/9/2022,8,20,68,70,100,18,,,
Fortress Ridge,3/9/2022,9,17,68,NA,NA,19,,,
Fortress Ridge,3/9/2022,10,24,68,NA,NA,20,,,
Fortress Ridge,3/9/2022,11,18,68,NA,NA,21,,,
Fortress Ridge,3/9/2022,12,15,68,NA,NA,22,,,
Fortress Ridge,3/9/2022,13,23,68,NA,NA,23,,,
Fortress Ridge,3/9/2022,14,18,68,70,111.1111111,24,,,
Fortress Ridge,3/9/2022,15,19,68,NA,NA,25,,,
Fortress Ridge,3/9/2022,16,20,68,NA,NA,26,,,
Fortress Ridge,3/9/2022,17,18,68,70,111.1111111,27,,,
Fortress Ridge,3/9/2022,18,23,68,NA,NA,28,,,
Fortress Ridge,3/9/2022,19,18,68,NA,NA,29,,,
Fortress Ridge,3/9/2022,20,28,68,71,107.1428571,30,,,
Bonsai,3/9/2022,1,212,114,170,264.1509434,31,,,
Bonsai,3/9/2022,2,211,114,NA,NA,32,,,
Bonsai,3/9/2022,3,216,114,NA,NA,33,,,
Bonsai,3/9/2022,4,213,114,182,319.2488263,34,,,
Bonsai,3/9/2022,5,212,114,NA,NA,35,,,
Bonsai,3/9/2022,6,213,114,NA,NA,36,,,
Bonsai,3/9/2022,7,205,114,178,312.195122,37,,,
Bonsai,3/9/2022,8,208,114,NA,NA,38,,,
Bonsai,3/9/2022,9,215,114,NA,NA,39,,,
Bonsai,3/9/2022,10,214,114,180,308.411215,40,,,
Bonsai,3/9/2022,11,215,114,NA,NA,41,,,
Bonsai,3/9/2022,12,211,114,NA,NA,42,,,
Bonsai,3/9/2022,13,209,114,174,287.0813397,43,,,
Canadian Ridge,3/9/2022,1,51,114,122,156.8627451,46,,,
Canadian Ridge,3/9/2022,2,55,114,NA,NA,47,,,
Canadian Ridge,3/9/2022,3,130,114,NA,NA,48,,,
Canadian Ridge,3/9/2022,4,160,114,172,362.5,49,,,
Canadian Ridge,3/9/2022,5,175,114,NA,NA,50,,,
Canadian Ridge,3/9/2022,6,190,114,NA,NA,51,,,
Canadian Ridge,3/9/2022,7,185,114,180,356.7567568,52,,,
Canadian Ridge,3/9/2022,8,170,114,NA,NA,53,,,
Canadian Ridge,3/9/2022,9,150,114,NA,NA,54,,,
Canadian Ridge,3/9/2022,10,135,114,154,296.2962963,55,,,
Canadian Ridge,3/9/2022,11,124,114,NA,NA,56,,,
Canadian Ridge,3/9/2022,12,120,114,NA,NA,57,,,
Canadian Ridge,3/9/2022,13,120,114,138,200,58,,,
Canadian Ridge,3/9/2022,14,122,114,NA,NA,59,,,
Canadian Ridge,3/9/2022,15,114,114,NA,NA,60,,,
Canadian Ridge,3/9/2022,16,122,114,140,213.1147541,61,,,
Canadian Ridge,3/9/2022,17,119,114,NA,NA,62,,,
Canadian Ridge,3/9/2022,18,133,114,144,225.5639098,63,,,
Powerline,3/9/2022,1,182,114,168,296.7032967,64,,,
Powerline,3/9/2022,2,118,114,NA,NA,65,,,
Powerline,3/9/2022,3,127,114,NA,NA,66,,,
Powerline,3/9/2022,4,145,114,146,220.6896552,67,,,
Powerline,3/9/2022,5,97,114,NA,NA,68,,,
Powerline,3/9/2022,6,130,114,NA,NA,69,,,
Powerline,3/9/2022,7,141,114,142,198.5815603,70,,,
Powerline,3/9/2022,8,132,114,NA,NA,71,,,
Powerline,3/9/2022,9,154,114,NA,NA,72,,,
Powerline,3/9/2022,10,146,114,146,219.1780822,73,,,
Powerline,3/9/2022,11,140,114,NA,NA,74,,,
Powerline,3/9/2022,12,168,114,NA,NA,75,,,
Powerline,3/9/2022,13,150,114,NA,NA,76,,,
Powerline,3/9/2022,14,155,114,NA,NA,77,,,
Powerline,3/9/2022,15,164,114,NA,NA,78,,,
Powerline,3/9/2022,16,175,114,158,251.4285714,79,,,
Powerline,3/22/2022,1,172,172,225,308.1395349,92,,,
Powerline,3/22/2022,2,116,172,NA,NA,93,,,
Powerline,3/22/2022,3,150,172,NA,NA,94,,,
Powerline,3/22/2022,4,114,172,196,210.5263158,95,,,
Powerline,3/22/2022,5,120,172,NA,NA,96,,,
Powerline,3/22/2022,6,148,172,NA,NA,97,,,
Powerline,3/22/2022,7,126,172,NA,NA,98,,,
Powerline,3/22/2022,8,159,172,210,238.9937107,99,,,
Powerline,3/22/2022,9,135,172,NA,NA,100,,,
Powerline,3/22/2022,10,172,172,NA,NA,101,,,
Powerline,3/22/2022,11,163,172,NA,NA,102,,,
Powerline,3/22/2022,12,159,172,218,289.3081761,103,,,
Powerline,3/22/2022,13,165,172,NA,NA,104,,,
Bonsai,3/22/2022,1,205,116,185,336.5853659,105,,,
Bonsai,3/22/2022,2,213,116,NA,NA,106,,,
Bonsai,3/22/2022,3,214,116,NA,NA,107,,,
Bonsai,3/22/2022,4,204,116,181,318.627451,108,,,
Bonsai,3/22/2022,5,208,116,NA,NA,109,,,
Bonsai,3/22/2022,6,210,116,NA,NA,110,,,
Bonsai,3/22/2022,7,207,116,185,333.3333333,111,,,
Bonsai,3/22/2022,8,209,116,NA,NA,112,,,
Bonsai,3/22/2022,9,222,116,NA,NA,113,,,
Bonsai,3/22/2022,10,214,116,183,313.0841121,114,,,
Bonsai,3/22/2022,11,218,116,NA,NA,115,,,
Bonsai,3/22/2022,12,209,116,184,325.3588517,116,,,
Bonsai,3/22/2022,13,212,116,187,334.9056604,117,,,
Canadian Ridge,3/22/2022,1,23,114,122,347.826087,NA,,,
Canadian Ridge,3/22/2022,2,92,114,,,NA,,,
Canadian Ridge,3/22/2022,3,121,114,,,NA,,,
Canadian Ridge,3/22/2022,4,143,114,172,405.5944056,NA,,,
Canadian Ridge,3/22/2022,5,121,114,,,NA,,,
Canadian Ridge,3/22/2022,6,165,114,,,NA,,,
Canadian Ridge,3/22/2022,7,136,114,170,411.7647059,NA,,,
Canadian Ridge,3/22/2022,8,119,114,,,NA,,,
Canadian Ridge,3/22/2022,9,106,114,,,NA,,,
Canadian Ridge,3/22/2022,10,100,114,149,350,NA,,,
Canadian Ridge,3/22/2022,11,95,114,,,NA,,,
Canadian Ridge,3/22/2022,12,93,114,,,NA,,,
Canadian Ridge,3/22/2022,13,96,114,146,333.3333333,NA,,,
Canadian Ridge,3/22/2022,14,104,114,,,NA,,,
Canadian Ridge,3/22/2022,15,103,114,,,NA,,,
Canadian Ridge,3/22/2022,16,113,114,149,309.7345133,NA,,,
Bonsai,3/22/2022,1,205,116,185,336.5853659,105,,,
Bonsai,3/22/2022,2,213,116,,,106,,,
Bonsai,3/22/2022,3,214,116,,,107,,,
Bonsai,3/22/2022,4,204,116,181,318.627451,108,,,
Bonsai,3/22/2022,5,208,116,,,109,,,
Bonsai,3/22/2022,6,210,116,,,110,,,
Bonsai,3/22/2022,7,207,116,185,333.3333333,111,,,
Bonsai,3/22/2022,8,209,116,,,112,,,
Bonsai,3/22/2022,9,222,116,,,113,,,
Bonsai,3/22/2022,10,214,116,183,313.0841121,114,,,
Bonsai,3/22/2022,11,218,116,,,115,,,
Bonsai,3/22/2022,12,209,116,184,325.3588517,116,,,
Bonsai,3/22/2022,13,212,116,187,334.9056604,117,,,
Fortress Ridge South,4/6/2022,1,156,163,231,435.8974359,97,,,
Fortress Ridge South,4/6/2022,2,229,163,NA,NA,98,,,
Fortress Ridge South,4/6/2022,3,242,163,NA,NA,99,,,
Fortress Ridge South,4/6/2022,4,255,163,288,490.1960784,100,,,
Fortress Ridge South,4/6/2022,5,90,163,NA,NA,101,,,
Fortress Ridge South,4/6/2022,6,272,163,NA,NA,102,,,
Fortress Ridge South,4/6/2022,7,193,163,234,367.8756477,105,,,
Fortress Ridge,4/6/2022,1,3,NA,NA,NA,106,,,
Fortress Ridge,4/6/2022,2,0,NA,NA,NA,107,,,
Fortress Ridge,4/6/2022,3,1,NA,NA,NA,108,,,
Fortress Ridge,4/6/2022,4,0,NA,NA,NA,109,,,
Fortress Ridge,4/6/2022,5,0,NA,NA,NA,110,,,
Fortress Ridge,4/6/2022,6,0,NA,NA,NA,111,,,
Fortress Ridge,4/6/2022,7,0,NA,NA,NA,112,,,
Fortress Ridge,4/6/2022,8,1,NA,NA,NA,113,,,
Fortress Ridge,4/6/2022,9,1,NA,NA,NA,114,,,
Fortress Ridge,4/6/2022,10,0,NA,NA,NA,115,,,
Fortress Ridge,4/6/2022,11,0,NA,NA,NA,116,,,
Fortress Ridge,4/6/2022,12,1,NA,NA,NA,117,,,
Fortress Ridge,4/6/2022,13,0,NA,NA,NA,118,,,
Fortress Ridge,4/6/2022,14,0,NA,NA,NA,119,,,
Fortress Ridge,4/6/2022,15,0,NA,NA,NA,120,,,
Fortress Ridge,4/6/2022,16,0,NA,NA,NA,121,,,
Fortress Ridge,4/6/2022,17,0,NA,NA,NA,122,,,
Fortress Ridge,4/6/2022,18,0,NA,NA,NA,123,,,
Fortress Ridge,4/6/2022,19,2,NA,NA,NA,124,,,
Fortress Ridge,4/6/2022,20,0,NA,NA,NA,125,,,
Bonsai,4/6/2022,1,218,163,231,311.9266055,128,,,
Bonsai,4/6/2022,2,193,163,NA,NA,129,,,
Bonsai,4/6/2022,3,224,163,NA,NA,130,,,
Bonsai,4/6/2022,4,223,163,238,336.32287,131,,,
Bonsai,4/6/2022,5,215,163,NA,NA,132,,,
Bonsai,4/6/2022,6,223,163,NA,NA,133,,,
Bonsai,4/6/2022,7,222,163,235,324.3243243,134,,,
Bonsai,4/6/2022,8,226,163,NA,NA,135,,,
Bonsai,4/6/2022,9,226,163,NA,NA,136,,,
Bonsai,4/6/2022,10,194,163,220,293.814433,137,,,
Canadian Ridge,4/6/2022,1,60,164,182,300,138,,,
Canadian Ridge,4/6/2022,2,92,164,NA,NA,139,,,
Canadian Ridge,4/6/2022,3,135,164,NA,NA,140,,,
Canadian Ridge,4/6/2022,4,159,164,227,396.2264151,141,,,
Canadian Ridge,4/6/2022,5,164,164,NA,NA,142,,,
Canadian Ridge,4/6/2022,6,155,164,NA,NA,143,,,
Canadian Ridge,4/6/2022,7,124,164,205,330.6451613,144,,,
Canadian Ridge,4/6/2022,8,112,164,NA,NA,145,,,
Canadian Ridge,4/6/2022,9,109,164,NA,NA,146,,,
Canadian Ridge,4/6/2022,10,75,164,182,240,147,,,
Canadian Ridge,4/6/2022,11,120,164,NA,NA,148,,,
Canadian Ridge,4/6/2022,12,126,164,NA,NA,149,,,
Canadian Ridge,4/6/2022,13,108,164,190,240.7407407,150,,,
Powerline,4/6/2022,1,114,164,200,315.7894737,151,,,
Powerline,4/6/2022,2,159,164,NA,NA,152,,,
Powerline,4/6/2022,3,123,164,NA,NA,153,,,
Powerline,4/6/2022,4,115,67,105,330.4347826,154,,,
Powerline,4/6/2022,5,153,67,NA,NA,155,,,
Powerline,4/6/2022,6,131,67,NA,NA,156,,,
Powerline,4/6/2022,7,150,67,116,326.6666667,157,,,
Powerline,4/6/2022,8,146,164,NA,NA,158,,,
Powerline,4/6/2022,9,151,164,NA,NA,159,,,
Powerline,4/6/2022,10,172,164,219,319.7674419,160,,,
Powerline,4/6/2022,11,163,164,NA,NA,161,,,
Powerline,4/6/2022,12,180,164,NA,NA,162,,,
Fortress Ridge South,4/20/2022,1,227,165,269,458.1497797,95,,,
Fortress Ridge South,4/20/2022,2,262,165,NA,NA,96,,,
Fortress Ridge South,4/20/2022,3,240,165,NA,NA,97,,,
Fortress Ridge South,4/20/2022,4,185,165,261,518.9189189,98,,,
Fortress Ridge South,4/20/2022,5,280,165,NA,NA,99,,,
Fortress Ridge South,4/20/2022,6,265,165,NA,NA,100,,,
Fortress Ridge South,4/20/2022,7,255,165,263,384.3137255,101,,,
Fortress Ridge South,4/20/2022,8,260,165,NA,NA,102,,,
Fortress Ridge South,4/20/2022,9,236,165,NA,NA,103,,,
Fortress Ridge,4/20/2022,1,7,NA,NA,NA,106,,,
Fortress Ridge,4/20/2022,2,3,NA,NA,NA,107,,,
Fortress Ridge,4/20/2022,3,0,NA,NA,NA,108,,,
Fortress Ridge,4/20/2022,4,0,NA,NA,NA,109,,,
Fortress Ridge,4/20/2022,5,2.5,NA,NA,NA,110,,,
Fortress Ridge,4/20/2022,6,1,NA,NA,NA,111,,,
Fortress Ridge,4/20/2022,7,9,NA,NA,NA,112,,,
Fortress Ridge,4/20/2022,8,2,NA,NA,NA,113,,,
Fortress Ridge,4/20/2022,9,1,NA,NA,NA,114,,,
Fortress Ridge,4/20/2022,10,3,NA,NA,NA,115,,,
Fortress Ridge,4/20/2022,11,0,NA,NA,NA,116,,,
Fortress Ridge,4/20/2022,12,0,NA,NA,NA,117,,,
Fortress Ridge,4/20/2022,13,3,NA,NA,NA,118,,,
Fortress Ridge,4/20/2022,14,2,NA,NA,NA,119,,,
Fortress Ridge,4/20/2022,15,0,NA,NA,NA,120,,,
Fortress Ridge,4/20/2022,16,5,NA,NA,NA,121,,,
Fortress Ridge,4/20/2022,17,3,NA,NA,NA,122,,,
Fortress Ridge,4/20/2022,18,2,NA,NA,NA,123,,,
Fortress Ridge,4/20/2022,19,8,NA,NA,NA,124,,,
Fortress Ridge,4/20/2022,20,3,NA,NA,NA,125,,,
Bonsai,4/20/2022,1,235,165,241,323.4042553,126,,,
Bonsai,4/20/2022,2,250,165,NA,NA,127,,,
Bonsai,4/20/2022,3,246,165,NA,NA,128,,,
Bonsai,4/20/2022,4,232,165,260,409.4827586,129,,,
Bonsai,4/20/2022,5,233,165,NA,NA,130,,,
Bonsai,4/20/2022,6,250,165,NA,NA,131,,,
Bonsai,4/20/2022,7,237,165,249,354.4303797,132,,,
Bonsai,4/20/2022,8,235,165,NA,NA,133,,,
Bonsai,4/20/2022,9,235,165,NA,NA,134,,,
Bonsai,4/20/2022,10,239,165,241,317.9916318,135,,,
Bonsai,4/20/2022,11,161,165,NA,NA,136,,,
Canadian Ridge,4/20/2022,1,76,164,184,263.1578947,139,,,
Canadian Ridge,4/20/2022,2,117,164,NA,NA,140,,,
Canadian Ridge,4/20/2022,3,139,164,NA,NA,141,,,
Canadian Ridge,4/20/2022,4,164,164,223,359.7560976,142,,,
Canadian Ridge,4/20/2022,5,137,164,NA,NA,143,,,
Canadian Ridge,4/20/2022,6,164,164,NA,NA,144,,,
Canadian Ridge,4/20/2022,7,172,164,229,377.9069767,145,,,
Canadian Ridge,4/20/2022,8,153,164,NA,NA,146,,,
Canadian Ridge,4/20/2022,9,134,164,NA,NA,147,,,
Canadian Ridge,4/20/2022,10,131,164,201,282.4427481,148,,,
Canadian Ridge,4/20/2022,11,125,164,NA,NA,149,,,
Canadian Ridge,4/20/2022,12,135,164,NA,NA,150,,,
Canadian Ridge,4/20/2022,13,129,164,202,294.5736434,151,,,
Canadian Ridge,4/20/2022,14,129,164,NA,NA,152,,,
Canadian Ridge,4/20/2022,15,118,164,NA,NA,153,,,
Canadian Ridge,4/20/2022,16,117,164,NA,NA,154,,,
Powerline,4/20/2022,1,130,115,152,284.6153846,155,,,
Powerline,4/20/2022,2,160,115,NA,NA,156,,,
Powerline,4/20/2022,3,164,115,NA,NA,157,,,
Powerline,4/20/2022,4,101,115,157,415.8415842,158,,,
Powerline,4/20/2022,5,147,115,NA,NA,159,,,
Powerline,4/20/2022,6,153,115,NA,NA,160,,,
Powerline,4/20/2022,7,145,115,156,282.7586207,161,,,
Powerline,4/20/2022,8,151,115,NA,NA,162,,,
Powerline,4/20/2022,9,150,115,NA,NA,163,,,
Powerline,4/20/2022,10,183,115,172,311.4754098,164,,,
Powerline,4/20/2022,11,172,115,NA,NA,165,,,
Powerline,4/20/2022,12,180,115,NA,NA,166,,,
Powerline,4/20/2022,13,191,115,173,303.6649215,167,,,
Bonsai,4/28/2022,1,209,115,192,368.4210526,92,,,
Bonsai,4/28/2022,2,224,115,NA,NA,93,,,
Bonsai,4/28/2022,3,228,115,NA,NA,94,,,
Bonsai,4/28/2022,4,220,115,190,340.9090909,95,,,
Bonsai,4/28/2022,5,227,115,NA,NA,96,,,
Bonsai,4/28/2022,6,207,115,NA,NA,97,,,
Bonsai,4/28/2022,7,220,115,198,377.2727273,98,,,
Bonsai,4/28/2022,8,231,115,NA,NA,99,,,
Bonsai,4/28/2022,9,219,115,NA,NA,100,,,
Bonsai,4/28/2022,10,225,115,194,351.1111111,101,,,
Bonsai,4/28/2022,11,224,115,NA,NA,102,,,
Bonsai,4/28/2022,12,220,115,NA,NA,103,,,
Canadian Ridge,4/28/2022,1,82,115,130,182.9268293,104,,,
Canadian Ridge,4/28/2022,2,138,115,NA,NA,105,,,
Canadian Ridge,4/28/2022,3,172,115,NA,NA,106,,,
Canadian Ridge,4/28/2022,4,175,115,184,394.2857143,107,,,
Canadian Ridge,4/28/2022,5,173,115,NA,NA,108,,,
Canadian Ridge,4/28/2022,6,170,115,NA,NA,109,,,
Canadian Ridge,4/28/2022,7,143,115,166,356.6433566,110,,,
Canadian Ridge,4/28/2022,8,131,115,NA,NA,111,,,
Canadian Ridge,4/28/2022,9,123,115,NA,NA,112,,,
Canadian Ridge,4/28/2022,10,115,115,152,321.7391304,113,,,
Canadian Ridge,4/28/2022,11,118,115,NA,NA,114,,,
Canadian Ridge,4/28/2022,12,131,115,NA,NA,115,,,
Canadian Ridge,4/28/2022,13,119,115,150,294.1176471,116,,,
Canadian Ridge,4/28/2022,14,120,115,NA,NA,117,,,
Canadian Ridge,4/28/2022,15,114,115,NA,NA,118,,,
Powerline,4/28/2022,1,118,115,152,313.559322,119,,,
Powerline,4/28/2022,2,158,115,NA,NA,120,,,
Powerline,4/28/2022,3,158,115,NA,NA,121,,,
Powerline,4/28/2022,4,97,115,146,319.5876289,122,,,
Powerline,4/28/2022,5,155,115,NA,NA,123,,,
Powerline,4/28/2022,6,139,115,NA,NA,124,,,
Powerline,4/28/2022,7,141,115,159,312.0567376,126,,,
Powerline,4/28/2022,8,169,115,NA,NA,127,,,
Powerline,4/28/2022,9,179,115,NA,NA,128,,,
Powerline,4/28/2022,10,179,115,172,318.4357542,129,,,
Powerline,4/28/2022,11,162,115,NA,NA,130,,,
Powerline,4/28/2022,12,177,115,NA,NA,131,,,
Powerline,4/28/2022,13,181,115,176,337.0165746,132,,,
Fortress Ridge South,5/3/2022,2,171,163,248,497.0760234,2,,,
Fortress Ridge South,5/3/2022,5,216,163,255,425.9259259,3,,,
Fortress Ridge South,5/3/2022,8,238,163,266,432.7731092,4,,,
Fortress Ridge South,5/3/2022,10,224,163,NA,NA,5,,,
Fortress Ridge South,5/3/2022,9,267,163,NA,NA,6,,,
Fortress Ridge South,5/3/2022,7,252,163,NA,NA,7,,,
Fortress Ridge South,5/3/2022,6,263,163,NA,NA,8,,,
Fortress Ridge South,5/3/2022,4,219,163,NA,NA,9,,,
Fortress Ridge South,5/3/2022,3,258,163,NA,NA,10,,,
Fortress Ridge,5/3/2022,1,0,NA,NA,NA,13,,,
Fortress Ridge,5/3/2022,2,0,NA,NA,NA,14,,,
Fortress Ridge,5/3/2022,3,0,NA,NA,NA,15,,,
Fortress Ridge,5/3/2022,4,0,NA,NA,NA,16,,,
Fortress Ridge,5/3/2022,5,0,NA,NA,NA,17,,,
Fortress Ridge,5/3/2022,6,0,NA,NA,NA,18,,,
Fortress Ridge,5/3/2022,7,0,NA,NA,NA,19,,,
Fortress Ridge,5/3/2022,8,0,NA,NA,NA,20,,,
Fortress Ridge,5/3/2022,9,0,NA,NA,NA,21,,,
Fortress Ridge,5/3/2022,10,0,NA,NA,NA,22,,,
Fortress Ridge,5/3/2022,11,0,NA,NA,NA,23,,,
Fortress Ridge,5/3/2022,12,0,NA,NA,NA,24,,,
Fortress Ridge,5/3/2022,13,0,NA,NA,NA,25,,,
Fortress Ridge,5/3/2022,14,0,NA,NA,NA,26,,,
Fortress Ridge,5/3/2022,15,0,NA,NA,NA,27,,,
Fortress Ridge,5/3/2022,16,0,NA,NA,NA,28,,,
Fortress Ridge,5/3/2022,17,0,NA,NA,NA,29,,,
Fortress Ridge,5/3/2022,18,0,NA,NA,NA,30,,,
Fortress Ridge,5/3/2022,19,0,NA,NA,NA,31,,,
Fortress Ridge,5/3/2022,20,0,NA,NA,NA,32,,,
Fortress Ridge,5/3/2022,21,0,NA,NA,NA,33,,,
Fortress Ridge,5/3/2022,22,0,NA,NA,NA,34,,,
Bonsai,5/3/2022,1,198,165,240,378.7878788,37,,,
Bonsai,5/3/2022,2,217,165,NA,NA,38,,,
Bonsai,5/3/2022,3,177,165,NA,NA,39,,,
Bonsai,5/3/2022,4,195,165,237,369.2307692,40,,,
Bonsai,5/3/2022,5,184,165,NA,NA,41,,,
Bonsai,5/3/2022,6,168,165,NA,NA,42,,,
Bonsai,5/3/2022,7,201,165,247,407.960199,43,,,
Bonsai,5/3/2022,8,187,165,NA,NA,44,,,
Bonsai,5/3/2022,9,187,165,NA,NA,45,,,
Bonsai,5/3/2022,10,213,165,245,375.5868545,46,,,
Bonsai,5/3/2022,11,154,165,NA,NA,47,,,
Bonsai,5/3/2022,12,186,165,NA,NA,48,,,
Canadian Ridge,5/3/2022,1,80,164,190,325,51,,,
Canadian Ridge,5/3/2022,2,132,164,NA,NA,52,,,
Canadian Ridge,5/3/2022,3,164,164,NA,NA,53,,,
Canadian Ridge,5/3/2022,4,163,164,226,380.3680982,54,,,
Canadian Ridge,5/3/2022,5,162,164,NA,NA,55,,,
Canadian Ridge,5/3/2022,6,165,164,NA,NA,56,,,
Canadian Ridge,5/3/2022,7,149,164,220,375.8389262,57,,,
Canadian Ridge,5/3/2022,8,125,164,NA,NA,58,,,
Canadian Ridge,5/3/2022,9,114,164,NA,NA,59,,,
Canadian Ridge,5/3/2022,10,110,164,191,245.4545455,60,,,
Canadian Ridge,5/3/2022,11,79,164,NA,NA,61,,,
Canadian Ridge,5/3/2022,12,116,164,NA,NA,62,,,
Canadian Ridge,5/3/2022,13,108,164,202,351.8518519,63,,,
Canadian Ridge,5/3/2022,14,110,164,NA,NA,64,,,
Canadian Ridge,5/3/2022,15,96,164,NA,NA,65,,,
Powerline,5/3/2022,1,142,118,174,394.3661972,67,,,
Powerline,5/3/2022,2,120,118,NA,NA,68,,,
Powerline,5/3/2022,3,118,118,NA,NA,69,,,
Powerline,5/3/2022,4,150,118,164,306.6666667,70,,,
Powerline,5/3/2022,5,117,118,NA,NA,71,,,
Powerline,5/3/2022,6,97,118,NA,NA,72,,,
Powerline,5/3/2022,7,126,118,150,253.968254,73,,,
Powerline,5/3/2022,8,154,118,NA,NA,74,,,
Powerline,5/3/2022,9,124,118,NA,NA,75,,,
Powerline,5/3/2022,10,148,118,162,297.2972973,76,,,
Powerline,5/3/2022,11,150,118,NA,NA,77,,,
Powerline,5/3/2022,12,134,118,NA,NA,78,,,
Powerline,5/3/2022,13,160,118,170,325,79,,,
Powerline,5/3/2022,14,130,118,NA,NA,80,,,
Powerline,5/3/2022,15,157,118,NA,NA,81,,,
Powerline,5/3/2022,16,165,118,162,266.6666667,82,,,
Powerline,5/3/2022,17,179,118,NA,NA,83,,,
Fortress Ridge South,5/24/2022,1,212,115,201,405.6603774,2,,,
Fortress Ridge South,5/24/2022,2,201,115,NA,NA,3,,,
Fortress Ridge South,5/24/2022,3,153,115,NA,NA,4,,,
Fortress Ridge South,5/24/2022,4,251,115,NA,NA,5,,,
Fortress Ridge South,5/24/2022,5,198,115,201,434.3434343,6,,,
Fortress Ridge South,5/24/2022,6,263,115,NA,NA,7,,,
Fortress Ridge South,5/24/2022,7,250,115,NA,NA,8,,,
Fortress Ridge South,5/24/2022,8,241,115,207,381.7427386,9,,,
Fortress Ridge South,5/24/2022,9,254,115,NA,NA,10,,,
Fortress Ridge South,5/24/2022,10,231,115,NA,NA,11,,,
Bonsai,5/24/2022,1,184,115,192,418.4782609,33,,,
Bonsai,5/24/2022,2,200,115,NA,NA,34,,,
Bonsai,5/24/2022,3,194,115,NA,NA,35,,,
Bonsai,5/24/2022,4,186,115,190,403.2258065,36,,,
Bonsai,5/24/2022,5,194,115,NA,NA,37,,,
Bonsai,5/24/2022,6,185,115,NA,NA,38,,,
Bonsai,5/24/2022,7,133,115,193,586.4661654,39,,,
Bonsai,5/24/2022,8,194,115,NA,NA,40,,,
Bonsai,5/24/2022,9,202,115,NA,NA,41,,,
Bonsai,5/24/2022,10,203,115,200,418.7192118,42,,,
Bonsai,5/24/2022,11,215,115,NA,NA,43,,,
Bonsai,5/24/2022,12,206,115,NA,NA,44,,,
Canadian Ridge,5/24/2022,1,54.5,115,134,348.6238532,48,,,
Canadian Ridge,5/24/2022,2,106,115,NA,NA,49,,,
Canadian Ridge,5/24/2022,3,132,115,NA,NA,50,,,
Canadian Ridge,5/24/2022,4,165,115,189,448.4848485,51,,,
Canadian Ridge,5/24/2022,5,176,115,NA,NA,52,,,
Canadian Ridge,5/24/2022,6,164,115,NA,NA,53,,,
Canadian Ridge,5/24/2022,7,158,115,182,424.0506329,54,,,
Canadian Ridge,5/24/2022,8,145,115,NA,NA,55,,,
Canadian Ridge,5/24/2022,9,131,115,NA,NA,56,,,
Canadian Ridge,5/24/2022,10,119,115,159,369.7478992,57,,,
Powerline,5/24/2022,1,114,115,154,342.1052632,58,,,
Canadian Ridge,5/24/2022,11,113,115,NA,NA,58,,,
Powerline,5/24/2022,2,144,115,NA,NA,59,,,
Canadian Ridge,5/24/2022,12,123,115,NA,NA,59,,,
Powerline,5/24/2022,3,147,115,NA,NA,60,,,
Canadian Ridge,5/24/2022,13,122,115,160,368.852459,60,,,
Powerline,5/24/2022,4,83,115,140,301.2048193,61,,,
Canadian Ridge,5/24/2022,14,118,115,NA,NA,61,,,
Powerline,5/24/2022,5,123,115,NA,NA,62,,,
Canadian Ridge,5/24/2022,15,111,115,NA,NA,62,,,
Powerline,5/24/2022,6,136,115,NA,NA,63,,,
Powerline,5/24/2022,7,128,115,162,367.1875,64,,,
Powerline,5/24/2022,8,146,115,NA,NA,65,,,
Powerline,5/24/2022,9,147,115,NA,NA,66,,,
Powerline,5/24/2022,10,121,115,155,330.5785124,67,,,
Powerline,5/24/2022,11,146,115,NA,NA,68,,,
Powerline,5/24/2022,12,170,115,NA,NA,69,,,
Powerline,5/24/2022,13,144,115,175,416.6666667,70,,,
Powerline,5/24/2022,14,148,115,NA,NA,71,,,
Powerline,5/24/2022,15,147,115,NA,NA,72,,,
Fortress Ridge South,6/2/2022,1,213,164,264,469.4835681,91,,,
Fortress Ridge South,6/2/2022,1,213,164,264,469.4835681,91,,,
Fortress Ridge South,6/2/2022,2,222,164,NA,NA,92,,,
Fortress Ridge South,6/2/2022,2,222,164,NA,NA,92,,,
Fortress Ridge South,6/2/2022,3,154,164,NA,NA,93,,,
Fortress Ridge South,6/2/2022,3,154,164,NA,NA,93,,,
Fortress Ridge South,6/2/2022,4,189,164,232,359.7883598,94,,,
Fortress Ridge South,6/2/2022,4,189,164,232,359.7883598,94,,,
Fortress Ridge South,6/2/2022,5,203,164,NA,NA,95,,,
Fortress Ridge South,6/2/2022,5,203,164,NA,NA,95,,,
Fortress Ridge South,6/2/2022,6,205,164,NA,NA,96,,,
Fortress Ridge South,6/2/2022,6,205,164,NA,NA,96,,,
Fortress Ridge South,6/2/2022,7,222,164,250,387.3873874,97,,,
Fortress Ridge South,6/2/2022,7,222,164,250,387.3873874,97,,,
Fortress Ridge South,6/2/2022,8,233,164,260,412.0171674,98,,,
Fortress Ridge South,6/2/2022,8,233,164,260,412.0171674,98,,,
Fortress Ridge South,6/2/2022,9,172,164,244,465.1162791,99,,,
Fortress Ridge South,6/2/2022,9,172,164,244,465.1162791,99,,,
Fortress Ridge South,6/2/2022,10,233,164,NA,NA,100,,,
Fortress Ridge South,6/2/2022,10,233,164,NA,NA,100,,,
Fortress Ridge South,6/2/2022,11,216,164,NA,NA,101,,,
Fortress Ridge South,6/2/2022,11,216,164,NA,NA,101,,,
Fortress Ridge South,6/2/2022,12,216,164,262,453.7037037,102,,,
Fortress Ridge South,6/2/2022,12,216,164,262,453.7037037,102,,,
Fortress Ridge South,6/2/2022,13,241,164,NA,NA,103,,,
Fortress Ridge South,6/2/2022,13,241,164,NA,NA,103,,,
Fortress Ridge South,6/2/2022,14,216,164,NA,NA,104,,,
Fortress Ridge South,6/2/2022,14,216,164,NA,NA,104,,,
Fortress Ridge South,6/2/2022,15,209,164,261,464.1148325,105,,,
Fortress Ridge South,6/2/2022,15,209,164,261,464.1148325,105,,,
Bonsai,6/2/2022,1,147,119,184,442.1768707,109,,,
Bonsai,6/2/2022,2,144,119,NA,NA,110,,,
Bonsai,6/2/2022,3,164,119,NA,NA,111,,,
Bonsai,6/2/2022,4,159,119,184,408.8050314,112,,,
Bonsai,6/2/2022,5,155,119,NA,NA,113,,,
Bonsai,6/2/2022,6,161,119,NA,NA,114,,,
Bonsai,6/2/2022,7,164,119,176,347.5609756,115,,,
Bonsai,6/2/2022,8,167,119,NA,NA,116,,,
Bonsai,6/2/2022,9,170,119,NA,NA,117,,,
Bonsai,6/2/2022,10,172,119,162,250,118,,,
Bonsai,6/2/2022,11,179,119,NA,NA,119,,,
Bonsai,6/2/2022,12,179,119,NA,NA,120,,,
Canadian Ridge,6/2/2022,1,38,114,129,394.7368421,123,,,
Canadian Ridge,6/2/2022,2,85,114,NA,NA,124,,,
Canadian Ridge,6/2/2022,3,119,114,NA,NA,125,,,
Canadian Ridge,6/2/2022,4,136,114,169,404.4117647,126,,,
Canadian Ridge,6/2/2022,5,139,114,NA,NA,127,,,
Canadian Ridge,6/2/2022,6,139,114,NA,NA,128,,,
Canadian Ridge,6/2/2022,7,136,114,175,448.5294118,129,,,
Canadian Ridge,6/2/2022,8,125,114,NA,NA,130,,,
Canadian Ridge,6/2/2022,9,114,114,NA,NA,131,,,
Canadian Ridge,6/2/2022,10,105,114,153,371.4285714,132,,,
Canadian Ridge,6/2/2022,11,104,114,152,365.3846154,133,,,
Canadian Ridge,6/2/2022,12,92,114,NA,NA,134,,,
Canadian Ridge,6/2/2022,13,82,114,NA,NA,135,,,
Canadian Ridge,6/2/2022,14,88,114,149,397.7272727,136,,,
Canadian Ridge,6/2/2022,15,59,114,NA,NA,137,,,
Canadian Ridge,6/2/2022,16,74,114,NA,NA,138,,,
Canadian Ridge,6/2/2022,17,93,114,151,397.8494624,139,,,
Canadian Ridge,6/2/2022,18,86,114,NA,NA,140,,,
Canadian Ridge,6/2/2022,19,73,114,NA,NA,141,,,
Canadian Ridge,6/2/2022,20,87,114,147,379.3103448,142,,,
Powerline,6/2/2022,1,131,69,127,442.7480916,147,,,
Powerline,6/2/2022,4,111,69,107,342.3423423,148,,,
Powerline,6/2/2022,7,101,69,103,336.6336634,149,,,
Powerline,6/2/2022,8,109,69,NA,NA,150,,,
Powerline,6/2/2022,10,99.5,69,104,351.758794,151,,,
Powerline,6/2/2022,11,118,69,NA,NA,152,,,
Powerline,6/2/2022,12,116,69,NA,NA,153,,,
Powerline,6/2/2022,13,116,69,113,379.3103448,154,,,
Powerline,6/2/2022,14,123,69,NA,NA,155,,,
Fortress Ridge South,6/28/2022,1,68,113,150,544.1176471,3,,,
Fortress Ridge South,6/28/2022,2,79,113,NA,NA,4,,,
Fortress Ridge South,6/28/2022,3,64,113,NA,NA,5,,,
Fortress Ridge South,6/28/2022,5,47,113,NA,NA,8,,,
Fortress Ridge South,6/28/2022,6,30,113,NA,NA,9,,,
Fortress Ridge South,6/28/2022,7,45,113,141,622.2222222,10,,,
Fortress Ridge South,6/28/2022,8,53,113,NA,NA,11,,,
Fortress Ridge South,6/28/2022,9,63,113,NA,NA,12,,,
Fortress Ridge South,6/28/2022,10,65,113,148,538.4615385,13,,,
Fortress Ridge South,6/28/2022,11,47,113,NA,NA,14,,,
Fortress Ridge South,6/28/2022,12,76,113,NA,NA,15,,,
Fortress Ridge South,6/28/2022,13,105,113,164,485.7142857,16,,,
Fortress Ridge South,6/28/2022,14,90,113,NA,NA,17,,,
Fortress Ridge South,6/28/2022,15,67,113,NA,NA,18,,,
Fortress Ridge South,6/28/2022,16,25,113,130,680,19,,,
Canadian Ridge,6/28/2022,6,20,66,76,500,26,,,
Powerline,6/28/2022,1,21,66,74,380.952381,27,,,
Canadian Ridge,6/28/2022,7,16,66,75,562.5,27,,,
Powerline,6/28/2022,2,12,66,NA,NA,28,,,
Canadian Ridge,6/28/2022,8,17,66,74,470.5882353,28,,,
Powerline,6/28/2022,4,49,66,87,428.5714286,30,,,
Powerline,6/28/2022,7,19,66,75,473.6842105,33,,,
Powerline,6/28/2022,9,23,66,NA,NA,35,,,
Powerline,6/28/2022,10,30,66,77,366.6666667,36,,,
Powerline,6/28/2022,11,5,66,NA,NA,37,,,
Powerline,6/28/2022,12,54,66,NA,NA,38,,,
Fortress Ridge South,11/15/2022,1,74,114,146,432.4324324,35,,,
Fortress Ridge South,11/15/2022,2,110,114,,,36,,,
Fortress Ridge South,11/15/2022,3,109,114,,,37,,,
Fortress Ridge South,11/15/2022,4,83,114,,,38,,,
Fortress Ridge South,11/15/2022,5,54,114,134,370.3703704,39,,,
Fortress Ridge South,11/15/2022,6,68,114,,,40,,,
Fortress Ridge South,11/15/2022,7,79,114,,,41,,,
Fortress Ridge South,11/15/2022,8,114,114,,,42,,,
Fortress Ridge South,11/15/2022,9,122,114,,,43,,,
Fortress Ridge South,11/15/2022,10,82,114,142,341.4634146,44,,,
Fortress Ridge South,11/15/2022,11,76,114,,,46,,,
Fortress Ridge South,11/15/2022,12,74,114,,,47,,,
Fortress Ridge South,11/15/2022,13,83,114,130,192.7710843,48,,,
Bonsai,11/15/2022,1,68,72,85,191.1764706,49,,,
Bonsai,11/15/2022,2,67,72,,,50,,,
Bonsai,11/15/2022,3,72,72,,,51,,,
Bonsai,11/15/2022,4,69,72,82,144.9275362,52,,,
Bonsai,11/15/2022,5,69,72,,,53,,,
Bonsai,11/15/2022,6,70,72,,,54,,,
Bonsai,11/15/2022,7,71,72,84,169.0140845,55,,,
Bonsai,11/15/2022,8,74,72,,,56,,,
Bonsai,11/15/2022,9,70,72,,,57,,,
Bonsai,11/15/2022,10,69,72,83,159.4202899,58,,,
Bonsai,11/15/2022,11,70,72,,,59,,,
Canadian Ridge,11/15/2022,1,43,72,82,232.5581395,79,,,
Canadian Ridge,11/15/2022,2,76,72,,,80,,,
Canadian Ridge,11/15/2022,3,86,72,,,81,,,
Canadian Ridge,11/15/2022,4,109,72,85,119.266055,82,,,
Canadian Ridge,11/15/2022,5,121,72,,,83,,,
Canadian Ridge,11/15/2022,6,96,72,,,84,,,
Canadian Ridge,11/15/2022,7,61,72,81,147.5409836,85,,,
Canadian Ridge,11/15/2022,8,56,72,,,86,,,
Canadian Ridge,11/15/2022,9,62,72,,,87,,,
Canadian Ridge,11/15/2022,10,61,72,82,163.9344262,88,,,
Canadian Ridge,11/15/2022,11,65,72,,,89,,,
Canadian Ridge,11/15/2022,12,55,72,,,90,,,
Canadian Ridge,11/15/2022,13,62.5,72,84,192,91,,,
Fortress Ridge,11/15/2022,1,10,71,72.5,150,NA,,,
Fortress Ridge,11/15/2022,2,19,71,,,NA,,,
Fortress Ridge,11/15/2022,3,9,71,,,NA,,,
Fortress Ridge,11/15/2022,4,13,71,,,NA,,,
Fortress Ridge,11/15/2022,5,17,71,,,NA,,,
Fortress Ridge,11/15/2022,6,16,71,73.5,156.25,NA,,,
Fortress Ridge,11/15/2022,7,24,71,,,NA,,,
Fortress Ridge,11/15/2022,8,11,71,,,NA,,,
Fortress Ridge,11/15/2022,9,18,71,,,NA,,,
Fortress Ridge,11/15/2022,10,14,71,,,NA,,,
Fortress Ridge,11/15/2022,11,8,71,73,250,NA,,,
Fortress Ridge,11/15/2022,12,25,71,,,NA,,,
Fortress Ridge,11/15/2022,13,26,71,,,NA,,,
Fortress Ridge,11/15/2022,14,36,71,,,NA,,,
Fortress Ridge,11/15/2022,15,31,71,,,NA,,,
Fortress Ridge,11/15/2022,16,27,71,79.9,329.6296296,NA,,,
Fortress Ridge,11/15/2022,17,29,71,,,NA,,,
Fortress Ridge,11/15/2022,18,29,71,,,NA,,,
Fortress Ridge,11/15/2022,19,28,71,,,NA,,,
Fortress Ridge,11/15/2022,20,29,71,,,NA,,,
Powerline,11/15/2022,1,43,72,80.5,197.6744186,62,,,
Powerline,11/15/2022,2,25,72,,,63,,,
Powerline,11/15/2022,3,54,72,,,64,,,
Powerline,11/15/2022,4,38,72,80,210.5263158,65,,,
Powerline,11/15/2022,5,40,72,,,66,,,
Powerline,11/15/2022,6,54,72,,,67,,,
Powerline,11/15/2022,7,44,72,,,68,,,
Powerline,11/15/2022,8,64,72,81.5,148.4375,69,,,
Powerline,11/15/2022,9,49,72,,,70,,,
Powerline,11/15/2022,10,55,72,,,71,,,
Powerline,11/15/2022,11,60,72,,,72,,,
Powerline,11/15/2022,12,54,72,82.5,194.4444444,73,,,
Powerline,11/15/2022,13,45,72,,,74,,,
Fortress Ridge,12/14/2022,1,19,114,115,52.63157895,NA,,,
Bonsai,12/14/2022,1,86,114,133,220.9302326,NA,,,
Canadian Ridge,12/14/2022,1,31,113,120,225.8064516,NA,,,
Fortress Ridge South,12/14/2022,1,176,113,157,250,NA,,,
Fortress Ridge,12/14/2022,2,6,114,,,NA,,,
Bonsai,12/14/2022,2,86,114,,,NA,,,
Canadian Ridge,12/14/2022,2,74,113,,,NA,,,
Fortress Ridge South,12/14/2022,2,190,113,,,NA,,,
Fortress Ridge,12/14/2022,3,10,114,,,NA,,,
Bonsai,12/14/2022,3,81,114,,,NA,,,
Canadian Ridge,12/14/2022,3,90,113,,,NA,,,
Fortress Ridge South,12/14/2022,3,159,113,,,NA,,,
Fortress Ridge,12/14/2022,4,4,114,,,NA,,,
Bonsai,12/14/2022,4,89,114,136,247.1910112,NA,,,
Canadian Ridge,12/14/2022,4,125,113,155,336,NA,,,
Fortress Ridge South,12/14/2022,4,146,113,155,287.6712329,NA,,,
Fortress Ridge,12/14/2022,5,7,114,,,NA,,,
Bonsai,12/14/2022,5,88,114,,,NA,,,
Canadian Ridge,12/14/2022,5,133,113,,,NA,,,
Fortress Ridge South,12/14/2022,5,178,113,,,NA,,,
Fortress Ridge,12/14/2022,6,11,114,115,90.90909091,NA,,,
Bonsai,12/14/2022,6,89,114,,,NA,,,
Canadian Ridge,12/14/2022,6,94,113,,,NA,,,
Fortress Ridge South,12/14/2022,6,117,113,,,NA,,,
Fortress Ridge,12/14/2022,7,10,114,,,NA,,,
Bonsai,12/14/2022,7,87,114,134,229.8850575,NA,,,
Canadian Ridge,12/14/2022,7,69,113,133,289.8550725,NA,,,
Fortress Ridge South,12/14/2022,7,98,113,147,346.9387755,NA,,,
Fortress Ridge,12/14/2022,8,7,114,,,NA,,,
Bonsai,12/14/2022,8,90,114,,,NA,,,
Canadian Ridge,12/14/2022,8,57,113,,,NA,,,
Fortress Ridge South,12/14/2022,8,121,113,,,NA,,,
Fortress Ridge,12/14/2022,9,8,114,,,NA,,,
Bonsai,12/14/2022,9,87,114,,,NA,,,
Canadian Ridge,12/14/2022,9,61,113,,,NA,,,
Fortress Ridge South,12/14/2022,9,88,113,,,NA,,,
Fortress Ridge,12/14/2022,10,12,114,,,NA,,,
Bonsai,12/14/2022,10,90,114,136,244.4444444,NA,,,
Canadian Ridge,12/14/2022,10,63,113,129,253.968254,NA,,,
Fortress Ridge South,12/14/2022,10,71,113,130,239.4366197,NA,,,
Fortress Ridge,12/14/2022,11,9,114,,,NA,,,
Bonsai,12/14/2022,11,82,114,,,NA,,,
Canadian Ridge,12/14/2022,11,60,113,,,NA,,,
Fortress Ridge South,12/14/2022,11,139,113,170,410.0719424,NA,,,
Fortress Ridge,12/14/2022,12,7,114,,,NA,,,
Bonsai,12/14/2022,12,93,114,137,247.311828,NA,,,
Canadian Ridge,12/14/2022,12,65,113,,,NA,,,
Fortress Ridge South,12/14/2022,12,131,113,173,458.0152672,NA,,,
Fortress Ridge,12/14/2022,13,8,114,,,NA,,,
Bonsai,12/14/2022,13,96,114,137,239.5833333,NA,,,
Canadian Ridge,12/14/2022,13,74,113,133,270.2702703,NA,,,
Fortress Ridge,12/14/2022,14,10,114,,,NA,,,
Canadian Ridge,12/14/2022,14,65,113,,,NA,,,
Fortress Ridge,12/14/2022,15,9,114,,,NA,,,
Canadian Ridge,12/14/2022,15,68,113,,,NA,,,
Fortress Ridge,12/14/2022,16,10,114,,,NA,,,
Fortress Ridge,12/14/2022,17,9,114,,,NA,,,
Fortress Ridge,12/14/2022,18,9,114,,,NA,,,
Fortress Ridge,12/14/2022,19,9,114,,,NA,,,
Fortress Ridge,12/14/2022,20,9,114,,,NA,,,
Powerline,12/14/2022,1,70,114,130,228.5714286,NA,,,
Powerline,12/14/2022,2,51,114,,,NA,,,
Powerline,12/14/2022,3,46,114,,,NA,,,
Powerline,12/14/2022,4,62,114,130,258.0645161,NA,,,
Powerline,12/14/2022,5,42,114,,,NA,,,
Powerline,12/14/2022,6,58,114,,,NA,,,
Powerline,12/14/2022,7,59,114,125,186.440678,NA,,,
Powerline,12/14/2022,8,62,114,,,NA,,,
Powerline,12/14/2022,9,56,114,,,NA,,,
Powerline,12/14/2022,10,56,114,121,125,NA,,,
Powerline,12/14/2022,11,76,114,,,NA,,,
Powerline,12/14/2022,12,70,114,,,NA,,,
Powerline,12/14/2022,13,76,114,131,223.6842105,NA,,,
Powerline,12/14/2022,14,74,114,,,NA,,,
Powerline,12/14/2022,15,79,114,,,NA,,,
Fortress Ridge South,1/17/2023,1,180,116,,,31,,,
Fortress Ridge South,1/17/2023,2,245,116,,,32,,,
Fortress Ridge South,1/17/2023,3,245,116,,,33,,,
Fortress Ridge South,1/17/2023,4,97,116,140,247.4226804,34,,,
Fortress Ridge South,1/17/2023,5,240,116,,,35,,,
Fortress Ridge South,1/17/2023,6,123,116,153,300.8130081,36,,,
Fortress Ridge South,1/17/2023,7,122,116,,,37,,,
Fortress Ridge South,1/17/2023,8,90,116,,,38,,,
Fortress Ridge South,1/17/2023,9,125,116,161,360,39,,,
Fortress Ridge,1/17/2023,1,20,116,,,42,,,
Fortress Ridge,1/17/2023,2,8,116,,,43,,,
Fortress Ridge,1/17/2023,3,0,116,,,44,,,
Fortress Ridge,1/17/2023,4,1,116,,,45,,,
Fortress Ridge,1/17/2023,5,5,116,,,46,,,
Fortress Ridge,1/17/2023,6,0,116,,,47,,,
Fortress Ridge,1/17/2023,7,2,116,,,48,,,
Fortress Ridge,1/17/2023,8,3,116,,,49,,,
Fortress Ridge,1/17/2023,9,1,116,,,50,,,
Fortress Ridge,1/17/2023,10,4,116,,,51,,,
Fortress Ridge,1/17/2023,11,11,116,,,52,,,
Fortress Ridge,1/17/2023,12,5,116,,,53,,,
Fortress Ridge,1/17/2023,13,0,116,,,54,,,
Fortress Ridge,1/17/2023,14,3,116,,,55,,,
Fortress Ridge,1/17/2023,15,3,116,,,56,,,
Fortress Ridge,1/17/2023,16,15,116,,,57,,,
Fortress Ridge,1/17/2023,17,2,116,,,58,,,
Fortress Ridge,1/17/2023,18,6,116,,,59,,,
Fortress Ridge,1/17/2023,19,4,116,,,60,,,
Fortress Ridge,1/17/2023,20,20,116,,,61,,,
Bonsai,1/17/2023,1,93,68,92,258.0645161,63,,,
Bonsai,1/17/2023,2,96,68,,,64,,,
Bonsai,1/17/2023,3,95,68,,,65,,,
Bonsai,1/17/2023,4,102,68,91,225.4901961,66,,,
Bonsai,1/17/2023,5,96,68,,,67,,,
Bonsai,1/17/2023,6,95,68,,,68,,,
Bonsai,1/17/2023,7,94,68,90,234.0425532,69,,,
Bonsai,1/17/2023,8,99,68,,,70,,,
Bonsai,1/17/2023,9,99,68,,,71,,,
Bonsai,1/17/2023,10,98,68,92,244.8979592,72,,,
Bonsai,1/17/2023,11,96,68,88,208.3333333,73,,,
Canadian Ridge,1/17/2023,1,1,66,,,76,,,
Canadian Ridge,1/17/2023,2,0,66,,,77,,,
Canadian Ridge,1/17/2023,3,60,66,86,333.3333333,78,,,
Canadian Ridge,1/17/2023,4,95,66,,,79,,,
Canadian Ridge,1/17/2023,5,95,66,,,80,,,
Canadian Ridge,1/17/2023,6,89,66,92,292.1348315,81,,,
Canadian Ridge,1/17/2023,7,65,66,,,82,,,
Canadian Ridge,1/17/2023,8,57,66,,,83,,,
Canadian Ridge,1/17/2023,9,55,66,82,290.9090909,84,,,
Canadian Ridge,1/17/2023,10,62,66,,,85,,,
Canadian Ridge,1/17/2023,11,66,66,,,86,,,
Canadian Ridge,1/17/2023,12,53,66,82,301.8867925,87,,,
Canadian Ridge,1/17/2023,13,70,66,,,88,,,
Canadian Ridge,1/17/2023,14,66,66,,,89,,,
Canadian Ridge,1/17/2023,15,68,66,84,264.7058824,90,,,
Powerline,1/17/2023,1,70,66,82,228.5714286,91,,,
Powerline,1/17/2023,2,56,66,,,92,,,
Powerline,1/17/2023,3,60,66,,,93,,,
Powerline,1/17/2023,4,59,66,80,237.2881356,94,,,
Powerline,1/17/2023,5,40,66,,,95,,,
Powerline,1/17/2023,6,45,66,,,96,,,
Powerline,1/17/2023,7,65,66,82,246.1538462,97,,,
Powerline,1/17/2023,8,70,66,,,98,,,
Powerline,1/17/2023,9,72,66,,,99,,,
Powerline,1/17/2023,10,65,66,82,246.1538462,100,,,
Powerline,1/17/2023,11,70,66,,,101,,,
Powerline,1/17/2023,12,80,66,,,102,,,
Powerline,1/17/2023,13,65,66,80,215.3846154,103,,,
Powerline,1/17/2023,14,81,66,,,104,,,
Powerline,1/17/2023,15,85,66,,,105,,,
Powerline,1/17/2023,16,80,66,86,250,106,,,
Fortress Ridge South,2/1/2023,1,210,114,180,314.2857143,1,,,
Fortress Ridge South,2/1/2023,2,238,114,,,2,,,
Fortress Ridge South,2/1/2023,3,145,114,,,3,,,
Fortress Ridge South,2/1/2023,4,150,114,169,366.6666667,4,,,
Fortress Ridge South,2/1/2023,5,226,114,,,5,,,
Fortress Ridge South,2/1/2023,6,136,114,,,6,,,
Fortress Ridge South,2/1/2023,7,121,114,155,338.8429752,7,,,
Fortress Ridge South,2/1/2023,8,101,114,,,8,,,
Fortress Ridge South,2/1/2023,9,151,114,,,9,,,
Fortress Ridge South,2/1/2023,10,118,114,,,10,,,
Fortress Ridge,2/1/2023,1,2,,,,13,,,
Fortress Ridge,2/1/2023,2,1,,,,14,,,
Fortress Ridge,2/1/2023,3,0,,,,15,,,
Fortress Ridge,2/1/2023,4,0,,,,16,,,
Fortress Ridge,2/1/2023,5,1,,,,17,,,
Fortress Ridge,2/1/2023,6,0,,,,18,,,
Fortress Ridge,2/1/2023,7,1,,,,19,,,
Fortress Ridge,2/1/2023,8,3,,,,20,,,
Fortress Ridge,2/1/2023,9,1,,,,21,,,
Fortress Ridge,2/1/2023,10,4,,,,22,,,
Fortress Ridge,2/1/2023,11,0,,,,23,,,
Fortress Ridge,2/1/2023,12,5,,,,24,,,
Fortress Ridge,2/1/2023,13,0,,,,25,,,
Fortress Ridge,2/1/2023,14,1,,,,26,,,
Fortress Ridge,2/1/2023,15,0,,,,27,,,
Fortress Ridge,2/1/2023,16,1,,,,28,,,
Fortress Ridge,2/1/2023,17,2.5,,,,29,,,
Fortress Ridge,2/1/2023,18,1,,,,30,,,
Fortress Ridge,2/1/2023,19,0,,,,31,,,
Fortress Ridge,2/1/2023,20,3,,,,32,,,
Bonsai,2/1/2023,1,105,115,141,247.6190476,33,,,
Bonsai,2/1/2023,2,106,115,,,34,,,
Bonsai,2/1/2023,3,102,115,,,35,,,
Bonsai,2/1/2023,4,108,115,140,231.4814815,36,,,
Bonsai,2/1/2023,5,106,115,,,37,,,
Bonsai,2/1/2023,6,107,115,,,38,,,
Bonsai,2/1/2023,7,106,115,142,254.7169811,39,,,
Bonsai,2/1/2023,8,104,115,,,40,,,
Bonsai,2/1/2023,9,103,115,,,41,,,
Bonsai,2/1/2023,10,109,115,142,247.706422,42,,,
Canadian Ridge,2/1/2023,1,4,115,,,46,,,
Canadian Ridge,2/1/2023,2,8,115,,,47,,,
Canadian Ridge,2/1/2023,3,46,115,134,413.0434783,48,,,
Canadian Ridge,2/1/2023,4,94,115,,,49,,,
Canadian Ridge,2/1/2023,5,114,115,,,50,,,
Canadian Ridge,2/1/2023,6,96,115,144,302.0833333,51,,,
Canadian Ridge,2/1/2023,7,62,115,,,52,,,
Canadian Ridge,2/1/2023,8,43,115,,,53,,,
Canadian Ridge,2/1/2023,9,45,115,126,244.4444444,54,,,
Canadian Ridge,2/1/2023,10,48,115,,,55,,,
Canadian Ridge,2/1/2023,11,54,115,,,56,,,
Canadian Ridge,2/1/2023,12,64,115,132,265.625,57,,,
Powerline,2/1/2023,1,80,66,86,250,NA,,,
Powerline,2/1/2023,2,55,66,,,NA,,,
Powerline,2/1/2023,3,70,66,,,NA,,,
Powerline,2/1/2023,4,71,66,82,225.3521127,NA,,,
Powerline,2/1/2023,5,44,66,,,NA,,,
Powerline,2/1/2023,6,59,66,,,NA,,,
Powerline,2/1/2023,7,70,66,82,228.5714286,NA,,,
Powerline,2/1/2023,8,74,66,,,NA,,,
Powerline,2/1/2023,9,81,66,,,NA,,,
Powerline,2/1/2023,10,69,66,80,202.8985507,NA,,,
Powerline,2/1/2023,11,72,66,,,NA,,,
Powerline,2/1/2023,12,86,66,,,NA,,,
Powerline,2/1/2023,13,79,66,84,227.8481013,NA,,,
Powerline,2/1/2023,14,86,66,,,NA,,,
Powerline,2/1/2023,15,87,66,,,NA,,,
Fortress Ridge South,2/15/2023,1,235,161,260,421.2765957,37,,,
Fortress Ridge South,2/15/2023,2,286,161,,,38,,,
Fortress Ridge South,2/15/2023,3,165,161,,,39,,,
Fortress Ridge South,2/15/2023,4,210,161,251,428.5714286,40,,,
Fortress Ridge South,2/15/2023,5,135,161,,,41,,,
Fortress Ridge South,2/15/2023,6,109,161,,,42,,,
Fortress Ridge South,2/15/2023,7,136,161,209,352.9411765,43,,,
Fortress Ridge South,2/15/2023,8,119,161,,,44,,,
Fortress Ridge South,2/15/2023,9,82,161,,,45,,,
Fortress Ridge South,2/15/2023,10,146,161,,,46,,,
Fortress Ridge South,2/15/2023,11,140,161,217,400,47,,,
Bonsai,2/15/2023,1,114,66,99,289.4736842,68,,,
Bonsai,2/15/2023,2,116,66,,,69,,,
Bonsai,2/15/2023,3,110,66,,,70,,,
Bonsai,2/15/2023,4,116,66,99,284.4827586,71,,,
Bonsai,2/15/2023,5,113,66,,,72,,,
Bonsai,2/15/2023,6,115,66,,,73,,,
Bonsai,2/15/2023,7,120,66,101,291.6666667,74,,,
Bonsai,2/15/2023,8,114,66,,,75,,,
Bonsai,2/15/2023,9,115,66,,,76,,,
Bonsai,2/15/2023,10,115,66,97,269.5652174,77,,,
Fortress Ridge,2/15/2023,1,1,161,,,NA,,,
Canadian Ridge,2/15/2023,1,23,66,73,304.3478261,NA,,,
Fortress Ridge,2/15/2023,2,3,161,,,NA,,,
Canadian Ridge,2/15/2023,2,63,66,,,NA,,,
Fortress Ridge,2/15/2023,3,1,161,,,NA,,,
Canadian Ridge,2/15/2023,3,106,66,,,NA,,,
Fortress Ridge,2/15/2023,4,1,161,,,NA,,,
Canadian Ridge,2/15/2023,4,95,66,101,368.4210526,NA,,,
Fortress Ridge,2/15/2023,5,1,161,,,NA,,,
Canadian Ridge,2/15/2023,5,88,66,,,NA,,,
Fortress Ridge,2/15/2023,6,1,161,,,NA,,,
Canadian Ridge,2/15/2023,6,71,66,,,NA,,,
Fortress Ridge,2/15/2023,7,5,161,,,NA,,,
Canadian Ridge,2/15/2023,7,94,66,93,287.2340426,NA,,,
Fortress Ridge,2/15/2023,8,3,161,,,NA,,,
Canadian Ridge,2/15/2023,8,61,66,,,NA,,,
Fortress Ridge,2/15/2023,9,1,161,,,NA,,,
Canadian Ridge,2/15/2023,9,51,66,,,NA,,,
Fortress Ridge,2/15/2023,10,2,161,,,NA,,,
Canadian Ridge,2/15/2023,10,60,66,85,316.6666667,NA,,,
Fortress Ridge,2/15/2023,11,1,161,,,NA,,,
Canadian Ridge,2/15/2023,11,60,66,,,NA,,,
Fortress Ridge,2/15/2023,12,1,161,,,NA,,,
Canadian Ridge,2/15/2023,12,62,66,82,258.0645161,NA,,,
Fortress Ridge,2/15/2023,13,1,161,,,NA,,,
Canadian Ridge,2/15/2023,13,59,66,,,NA,,,
Fortress Ridge,2/15/2023,14,1,161,,,NA,,,
Canadian Ridge,2/15/2023,14,51,66,,,NA,,,
Fortress Ridge,2/15/2023,15,0,161,,,NA,,,
Canadian Ridge,2/15/2023,15,52,66,,,NA,,,
Fortress Ridge,2/15/2023,16,1,161,,,NA,,,
Fortress Ridge,2/15/2023,17,1,161,,,NA,,,
Fortress Ridge,2/15/2023,18,1,161,,,NA,,,
Fortress Ridge,2/15/2023,19,0,161,,,NA,,,
Fortress Ridge,2/15/2023,20,1,161,,,NA,,,
Powerline,2/15/2023,1,89.5,35.5,59,262.5698324,NA,,,
Powerline,2/15/2023,2,59,35.5,,,NA,,,
Powerline,2/15/2023,3,73,35.5,,,NA,,,
Powerline,2/15/2023,4,57,35.5,50,254.3859649,NA,,,
Powerline,2/15/2023,5,46,35.5,,,NA,,,
Powerline,2/15/2023,6,67,35.5,,,NA,,,
Powerline,2/15/2023,7,66,35.5,52,250,NA,,,
Powerline,2/15/2023,8,67,35.5,,,NA,,,
Powerline,2/15/2023,9,64,35.5,,,NA,,,
Powerline,2/15/2023,10,64,35.5,,,NA,,,
Powerline,2/15/2023,11,50.5,35.5,50.5,297.029703,NA,,,
Powerline,2/15/2023,12,88,35.5,,,NA,,,
Powerline,2/15/2023,13,72,35.5,,,NA,,,
Powerline,2/15/2023,14,86,35.5,55,226.744186,NA,,,
Fortress Ridge South,2/28/2023,1,217,113,177,294.9308756,38,,,
Fortress Ridge South,2/28/2023,2,136,113,,,39,,,
Fortress Ridge South,2/28/2023,3,246,113,,,40,,,
Fortress Ridge South,2/28/2023,4,158,113,149,227.8481013,41,,,
Fortress Ridge South,2/28/2023,5,235,113,,,42,,,
Fortress Ridge South,2/28/2023,6,152,113,,,43,,,
Fortress Ridge South,2/28/2023,7,127,113,148,275.5905512,44,,,
Fortress Ridge South,2/28/2023,8,162,113,,,45,,,
Fortress Ridge South,2/28/2023,9,157,113,,,46,,,
Fortress Ridge South,2/28/2023,10,127,113,152,307.0866142,47,,,
Fortress Ridge,2/28/2023,1,3,67,,,50,,,
Fortress Ridge,2/28/2023,2,7,67,,,51,,,
Fortress Ridge,2/28/2023,3,5,67,,,52,,,
Fortress Ridge,2/28/2023,4,6,67,,,53,,,
Fortress Ridge,2/28/2023,5,11,67,68.5,136.3636364,54,,,
Fortress Ridge,2/28/2023,6,2,67,,,55,,,
Fortress Ridge,2/28/2023,7,3,67,,,56,,,
Fortress Ridge,2/28/2023,8,9,67,68,111.1111111,57,,,
Fortress Ridge,2/28/2023,9,3,67,,,58,,,
Fortress Ridge,2/28/2023,10,9,67,,,59,,,
Fortress Ridge,2/28/2023,11,10.5,67,68,95.23809524,60,,,
Fortress Ridge,2/28/2023,12,2,67,,,61,,,
Fortress Ridge,2/28/2023,13,6,67,,,62,,,
Fortress Ridge,2/28/2023,14,7,67,,,63,,,
Fortress Ridge,2/28/2023,15,3,67,,,64,,,
Fortress Ridge,2/28/2023,16,3,67,,,65,,,
Fortress Ridge,2/28/2023,17,8,67,,,66,,,
Fortress Ridge,2/28/2023,18,9,67,,,67,,,
Fortress Ridge,2/28/2023,19,6,67,,,68,,,
Fortress Ridge,2/28/2023,20,5,67,,,69,,,
Bonsai,2/28/2023,1,136,68,102,250,70,,,
Bonsai,2/28/2023,2,141,68,,,71,,,
Bonsai,2/28/2023,3,137,68,,,72,,,
Bonsai,2/28/2023,4,138,68,101,239.1304348,73,,,
Bonsai,2/28/2023,5,137,68,,,74,,,
Bonsai,2/28/2023,6,139,68,,,75,,,
Bonsai,2/28/2023,7,138,68,102,246.3768116,76,,,
Bonsai,2/28/2023,8,139,68,,,77,,,
Bonsai,2/28/2023,9,140,68,,,78,,,
Bonsai,2/28/2023,10,114,68,93,219.2982456,79,,,
Canadian Ridge,2/28/2023,1,50,113,124,220,82,,,
Canadian Ridge,2/28/2023,2,101,113,,,83,,,
Canadian Ridge,2/28/2023,3,102,113,,,84,,,
Canadian Ridge,2/28/2023,4,110,113,152,354.5454545,85,,,
Canadian Ridge,2/28/2023,5,117,113,,,86,,,
Canadian Ridge,2/28/2023,6,109,113,,,87,,,
Canadian Ridge,2/28/2023,7,76,113,142,381.5789474,88,,,
Canadian Ridge,2/28/2023,8,68,113,,,89,,,
Canadian Ridge,2/28/2023,9,71,113,,,90,,,
Canadian Ridge,2/28/2023,10,73,113,127,191.7808219,91,,,
Canadian Ridge,2/28/2023,11,68,113,,,92,,,
Canadian Ridge,2/28/2023,12,80,113,,,93,,,
Powerline,2/28/2023,1,111,66,91,225.2252252,94,,,
Powerline,2/28/2023,2,80,66,,,95,,,
Powerline,2/28/2023,3,95,66,,,96,,,
Powerline,2/28/2023,4,81,66,86,246.9135802,97,,,
Powerline,2/28/2023,5,79,66,,,98,,,
Powerline,2/28/2023,6,98,66,,,99,,,
Powerline,2/28/2023,7,77,66,82,207.7922078,100,,,
Powerline,2/28/2023,8,104,66,,,101,,,
Powerline,2/28/2023,9,91,66,,,102,,,
Powerline,2/28/2023,10,93,66,88,236.5591398,103,,,
Powerline,2/28/2023,11,114,66,,,104,,,
Powerline,2/28/2023,12,103,66,,,105,,,
Fortress Ridge South,3/16/2023,1,235,161,263,434.0425532,1,,,
Fortress Ridge South,3/16/2023,2,249,161,,,2,,,
Fortress Ridge South,3/16/2023,3,290,161,,,3,,,
Fortress Ridge South,3/16/2023,4,210,161,239,371.4285714,4,,,
Fortress Ridge South,3/16/2023,5,251,161,,,5,,,
Fortress Ridge South,3/16/2023,6,175,161,,,6,,,
Fortress Ridge South,3/16/2023,7,152,161,214,348.6842105,7,,,
Fortress Ridge South,3/16/2023,8,151,161,,,9,,,
Fortress Ridge South,3/16/2023,9,171,161,,,10,,,
Fortress Ridge South,3/16/2023,10,119,161,196,294.1176471,11,,,
Fortress Ridge,3/16/2023,1,5,66,,,12,,,
Fortress Ridge,3/16/2023,2,3,66,,,13,,,
Fortress Ridge,3/16/2023,3,3,66,,,14,,,
Fortress Ridge,3/16/2023,4,1,66,,,15,,,
Fortress Ridge,3/16/2023,5,2,66,,,16,,,
Fortress Ridge,3/16/2023,6,2,66,,,17,,,
Fortress Ridge,3/16/2023,7,4,66,,,18,,,
Fortress Ridge,3/16/2023,8,7,66,,,19,,,
Fortress Ridge,3/16/2023,9,12,66,,,20,,,
Fortress Ridge,3/16/2023,11,12,66,,,21,,,
Fortress Ridge,3/16/2023,12,9,66,,,22,,,
Fortress Ridge,3/16/2023,13,7,66,,,23,,,
Fortress Ridge,3/16/2023,14,5,66,,,24,,,
Fortress Ridge,3/16/2023,15,7,66,,,25,,,
Fortress Ridge,3/16/2023,16,1,66,,,26,,,
Fortress Ridge,3/16/2023,17,14,66,,,27,,,
Fortress Ridge,3/16/2023,19,12,66,,,28,,,
Fortress Ridge,3/16/2023,20,11,66,,,29,,,
Fortress Ridge,3/16/2023,10,18,66,70,222.2222222,30,,,
Fortress Ridge,3/16/2023,18,14,66,69,214.2857143,32,,,
Bonsai,3/16/2023,1,155,115,153,245.1612903,33,,,
Bonsai,3/16/2023,2,159,115,,,34,,,
Bonsai,3/16/2023,3,158,115,,,35,,,
Bonsai,3/16/2023,4,154,115,150,227.2727273,36,,,
Bonsai,3/16/2023,5,154,115,,,37,,,
Bonsai,3/16/2023,6,156,115,,,38,,,
Bonsai,3/16/2023,7,157,115,156,261.1464968,39,,,
Bonsai,3/16/2023,8,154,115,,,40,,,
Bonsai,3/16/2023,9,161,115,,,41,,,
Bonsai,3/16/2023,10,157,115,156,261.1464968,42,,,
Canadian Ridge,3/16/2023,1,62,114,130,258.0645161,45,,,
Canadian Ridge,3/16/2023,2,119,114,,,46,,,
Canadian Ridge,3/16/2023,3,138,114,,,47,,,
Canadian Ridge,3/16/2023,4,149,114,,,48,,,
Canadian Ridge,3/16/2023,5,129,114,154,310.0775194,49,,,
Canadian Ridge,3/16/2023,6,107,114,,,50,,,
Canadian Ridge,3/16/2023,7,96,114,,,51,,,
Canadian Ridge,3/16/2023,8,100,114,,,52,,,
Canadian Ridge,3/16/2023,9,110,114,139,227.2727273,53,,,
Canadian Ridge,3/16/2023,10,89,114,,,54,,,
Canadian Ridge,3/16/2023,11,99,114,,,55,,,
Canadian Ridge,3/16/2023,12,114,114,,,56,,,
Canadian Ridge,3/16/2023,13,91,114,137,252.7472527,57,,,
Canadian Ridge,3/16/2023,15,81,114,,,58,,,
Canadian Ridge,3/16/2023,14,91,114,,,NA,,,
Powerline,3/16/2023,1,131,114,150,274.8091603,59,,,
Powerline,3/16/2023,2,84,114,,,60,,,
Powerline,3/16/2023,3,105,114,,,NA,,,
Powerline,3/16/2023,4,94,114,142,297.8723404,NA,,,
Powerline,3/16/2023,5,69,114,,,NA,,,
Powerline,3/16/2023,6,110,114,,,NA,,,
Powerline,3/16/2023,7,88,114,139,284.0909091,NA,,,
Powerline,3/16/2023,8,106,114,,,NA,,,
Powerline,3/16/2023,9,126,114,,,NA,,,
Powerline,3/16/2023,10,100,114,137,230,61,,,
Powerline,3/16/2023,11,129,114,,,NA,,,
Powerline,3/16/2023,12,116,114,,,62,,,
Powerline,3/16/2023,13,134,114,,,63,,,
Powerline,3/16/2023,14,127,114,,,64,,,
Powerline,3/16/2023,15,145,114,,,65,,,
Fortress Ridge South,3/29/2023,1,175,161,190,165.7142857,2,,,
Fortress Ridge South,3/29/2023,2,218,161,,,3,,,
Fortress Ridge South,3/29/2023,3,266,161,,,4,,,
Fortress Ridge South,3/29/2023,4,187,161,234,390.3743316,5,,,
Fortress Ridge South,3/29/2023,5,223,161,,,6,,,
Fortress Ridge South,3/29/2023,6,206,161,,,7,,,
Fortress Ridge South,3/29/2023,7,245,161,,,8,,,
Fortress Ridge South,3/29/2023,8,198,161,232,358.5858586,10,,,
Fortress Ridge South,3/29/2023,9,96,161,,,11,,,
Fortress Ridge South,3/29/2023,10,115,161,,,12,,,
Fortress Ridge South,3/29/2023,11,130,161,,,13,,,
Fortress Ridge South,3/29/2023,12,139,161,202,294.9640288,14,,,
Fortress Ridge South,3/29/2023,13,140,161,,,15,,,
Fortress Ridge South,3/29/2023,14,154,161,,,16,,,
Fortress Ridge South,3/29/2023,15,168,161,212,303.5714286,17,,,
Fortress Ridge,3/29/2023,1,32,68,72,125,20,,,
Fortress Ridge,3/29/2023,2,36,68,,,21,,,
Fortress Ridge,3/29/2023,3,31,68,,,22,,,
Fortress Ridge,3/29/2023,4,35,68,73,142.8571429,23,,,
Fortress Ridge,3/29/2023,5,39,68,,,24,,,
Fortress Ridge,3/29/2023,6,44,68,,,25,,,
Fortress Ridge,3/29/2023,7,46,68,,,26,,,
Fortress Ridge,3/29/2023,8,30,68,72,133.3333333,27,,,
Fortress Ridge,3/29/2023,9,36,68,,,28,,,
Fortress Ridge,3/29/2023,10,38,68,,,29,,,
Fortress Ridge,3/29/2023,11,37,68,,,30,,,
Fortress Ridge,3/29/2023,12,37,68,73,135.1351351,31,,,
Fortress Ridge,3/29/2023,13,43,68,,,32,,,
Fortress Ridge,3/29/2023,14,44,68,,,33,,,
Fortress Ridge,3/29/2023,15,45,68,74,133.3333333,34,,,
Bonsai,3/29/2023,1,163,114,155,251.5337423,35,,,
Bonsai,3/29/2023,2,177,114,,,36,,,
Bonsai,3/29/2023,3,173,114,,,37,,,
Bonsai,3/29/2023,4,169,114,162,284.0236686,38,,,
Bonsai,3/29/2023,5,169,114,,,39,,,
Bonsai,3/29/2023,6,168,114,,,40,,,
Bonsai,3/29/2023,7,170,114,162,282.3529412,41,,,
Bonsai,3/29/2023,8,170,114,,,42,,,
Bonsai,3/29/2023,9,177,114,,,43,,,
Bonsai,3/29/2023,10,169,114,161,278.1065089,44,,,
Canadian Ridge,3/29/2023,1,57,114,130,280.7017544,46,,,
Canadian Ridge,3/29/2023,2,126,114,,,47,,,
Canadian Ridge,3/29/2023,3,160,114,,,48,,,
Canadian Ridge,3/29/2023,4,166,114,170,337.3493976,49,,,
Canadian Ridge,3/29/2023,5,135,114,,,50,,,
Canadian Ridge,3/29/2023,6,124,114,,,51,,,
Canadian Ridge,3/29/2023,7,117,114,,,53,,,
Canadian Ridge,3/29/2023,8,112,114,138,214.2857143,54,,,
Canadian Ridge,3/29/2023,9,108,114,,,55,,,
Canadian Ridge,3/29/2023,10,109,114,,,56,,,
Canadian Ridge,3/29/2023,11,110,114,,,57,,,
Canadian Ridge,3/29/2023,12,113,114,142,247.7876106,58,,,
Canadian Ridge,3/29/2023,13,106,114,,,59,,,
Canadian Ridge,3/29/2023,15,99,114,137,232.3232323,60,,,
Canadian Ridge,3/29/2023,14,101,114,,,NA,,,
Powerline,3/29/2023,1,138,114,155,297.1014493,61,,,
Powerline,3/29/2023,2,94,114,,,62,,,
Powerline,3/29/2023,3,118,114,,,63,,,
Powerline,3/29/2023,4,117,114,147,282.0512821,64,,,
Powerline,3/29/2023,5,82,114,,,65,,,
Powerline,3/29/2023,6,104,114,,,66,,,
Powerline,3/29/2023,7,107,114,,,67,,,
Powerline,3/29/2023,8,106,114,140,245.2830189,68,,,
Powerline,3/29/2023,9,133,114,,,69,,,
Powerline,3/29/2023,10,110,114,,,70,,,
Powerline,3/29/2023,11,111,114,,,71,,,
Powerline,3/29/2023,12,136,114,130,117.6470588,72,,,
Powerline,3/29/2023,13,142,114,,,73,,,
Powerline,3/29/2023,14,140,114,,,74,,,
Powerline,3/29/2023,15,125,114,142,224,75,,,
Fortress Ridge South,4/20/2023,1,262,161,242,309.1603053,1,,,
Fortress Ridge South,4/20/2023,2,244,161,,,2,,,
Fortress Ridge South,4/20/2023,3,270,161,,,3,,,
Fortress Ridge South,4/20/2023,4,234,161,242,346.1538462,4,,,
Fortress Ridge South,4/20/2023,5,267,161,,,5,,,
Fortress Ridge South,4/20/2023,6,235,161,,,6,,,
Fortress Ridge South,4/20/2023,7,194,161,229,350.5154639,7,,,
Fortress Ridge South,4/20/2023,8,194,161,,,8,,,
Fortress Ridge South,4/20/2023,9,203,161,,,9,,,
Fortress Ridge South,4/20/2023,10,185,161,212,275.6756757,10,,,
Fortress Ridge,4/20/2023,1,25,66,71,200,14,,,
Fortress Ridge,4/20/2023,2,23,66,,,15,,,
Fortress Ridge,4/20/2023,3,20,66,,,16,,,
Fortress Ridge,4/20/2023,4,26,66,,,17,,,
Fortress Ridge,4/20/2023,5,20,66,,,18,,,
Fortress Ridge,4/20/2023,6,21,66,70,190.4761905,19,,,
Fortress Ridge,4/20/2023,7,15,66,,,20,,,
Fortress Ridge,4/20/2023,8,33,66,,,21,,,
Fortress Ridge,4/20/2023,9,45,66,75,200,22,,,
Fortress Ridge,4/20/2023,10,42,66,,,23,,,
Fortress Ridge,4/20/2023,11,51,66,,,24,,,
Fortress Ridge,4/20/2023,12,37,66,,,25,,,
Fortress Ridge,4/20/2023,13,32,66,,,26,,,
Fortress Ridge,4/20/2023,14,22,66,,,27,,,
Fortress Ridge,4/20/2023,15,21,66,70,190.4761905,28,,,
Fortress Ridge,4/20/2023,16,32,66,,,29,,,
Fortress Ridge,4/20/2023,17,17,66,,,30,,,
Fortress Ridge,4/20/2023,18,27,66,,,31,,,
Fortress Ridge,4/20/2023,19,22,66,,,32,,,
Fortress Ridge,4/20/2023,20,14,66,68,142.8571429,33,,,
Bonsai,4/20/2023,1,172,113,161,279.0697674,34,,,
Bonsai,4/20/2023,2,179,113,,,35,,,
Bonsai,4/20/2023,3,181,113,,,36,,,
Bonsai,4/20/2023,4,177,113,165,293.7853107,37,,,
Bonsai,4/20/2023,5,178,113,,,38,,,
Bonsai,4/20/2023,6,177,113,,,39,,,
Bonsai,4/20/2023,7,174,113,161,275.862069,40,,,
Bonsai,4/20/2023,8,190,113,,,41,,,
Bonsai,4/20/2023,9,186,113,,,42,,,
Canadian Ridge,4/20/2023,1,97,113,142,298.9690722,45,,,
Canadian Ridge,4/20/2023,2,147,113,,,46,,,
Canadian Ridge,4/20/2023,3,186,113,,,47,,,
Canadian Ridge,4/20/2023,4,200,113,160,235,48,,,
Canadian Ridge,4/20/2023,5,189,113,,,49,,,
Canadian Ridge,4/20/2023,6,160,113,,,50,,,
Canadian Ridge,4/20/2023,7,138,113,151,275.3623188,51,,,
Canadian Ridge,4/20/2023,8,133,113,,,52,,,
Canadian Ridge,4/20/2023,9,141,113,,,53,,,
Canadian Ridge,4/20/2023,10,141,113,155,297.8723404,54,,,
Canadian Ridge,4/20/2023,11,141,113,,,55,,,
Canadian Ridge,4/20/2023,12,135,113,,,56,,,
Canadian Ridge,4/20/2023,13,125,113,144,248,57,,,
Powerline,4/20/2023,1,154,113,161,311.6883117,58,,,
Powerline,4/20/2023,2,105,113,,,59,,,
Powerline,4/20/2023,3,140,113,,,60,,,
Powerline,4/20/2023,4,125,113,153,320,61,,,
Powerline,4/20/2023,5,93,113,,,62,,,
Powerline,4/20/2023,6,138,113,,,63,,,
Powerline,4/20/2023,7,126,113,151,301.5873016,64,,,
Powerline,4/20/2023,8,142,113,,,65,,,
Powerline,4/20/2023,9,136,113,,,66,,,
Powerline,4/20/2023,10,132,113,148,265.1515152,67,,,
Powerline,4/20/2023,11,135,113,,,68,,,
Powerline,4/20/2023,12,150,113,,,69,,,
Powerline,4/20/2023,13,149,113,157,295.3020134,70,,,
Fortress Ridge South,4/25/2023,1,254,161,258,381.8897638,1,,,
Fortress Ridge South,4/25/2023,2,254,161,,,2,,,
Fortress Ridge South,4/25/2023,3,232,161,,,3,,,
Fortress Ridge South,4/25/2023,4,215,161,236,348.8372093,4,,,
Fortress Ridge South,4/25/2023,5,246,161,,,5,,,
Fortress Ridge South,4/25/2023,6,215,161,,,6,,,
Fortress Ridge South,4/25/2023,7,211,161,235,350.7109005,7,,,
Fortress Ridge South,4/25/2023,8,174,161,,,8,,,
Fortress Ridge South,4/25/2023,9,180,161,,,9,,,
Fortress Ridge South,4/25/2023,10,181,161,216,303.8674033,10,,,
Fortress Ridge South,4/25/2023,11,197,161,242,411.1675127,11,,,
Fortress Ridge South,4/25/2023,12,217,161,250,410.1382488,12,,,
Fortress Ridge,4/25/2023,1,13,68,,,13,,,
Fortress Ridge,4/25/2023,2,9,68,,,14,,,
Fortress Ridge,4/25/2023,3,11,68,,,15,,,
Fortress Ridge,4/25/2023,4,20,68,72,200,16,,,
Fortress Ridge,4/25/2023,5,16,68,,,17,,,
Fortress Ridge,4/25/2023,6,21,68,,,18,,,
Fortress Ridge,4/25/2023,7,2,68,,,19,,,
Fortress Ridge,4/25/2023,8,14,68,73,357.1428571,20,,,
Fortress Ridge,4/25/2023,9,26,68,,,21,,,
Fortress Ridge,4/25/2023,10,39,68,,,22,,,
Fortress Ridge,4/25/2023,11,26,68,,,23,,,
Fortress Ridge,4/25/2023,12,36,68,74,166.6666667,24,,,
Fortress Ridge,4/25/2023,13,39,68,,,25,,,
Fortress Ridge,4/25/2023,14,29,68,,,26,,,
Fortress Ridge,4/25/2023,15,30,68,,,27,,,
Fortress Ridge,4/25/2023,16,19,68,,,28,,,
Fortress Ridge,4/25/2023,17,13,68,,,29,,,
Fortress Ridge,4/25/2023,18,10,68,,,30,,,
Fortress Ridge,4/25/2023,19,23,68,,,31,,,
Fortress Ridge,4/25/2023,20,21,68,,,32,,,
Fortress Ridge,4/25/2023,21,14,68,,,33,,,
Bonsai,4/25/2023,1,160,114,167,331.25,34,,,
Bonsai,4/25/2023,2,170,114,,,35,,,
Bonsai,4/25/2023,3,166,114,,,36,,,
Bonsai,4/25/2023,4,168,114,169,327.3809524,37,,,
Bonsai,4/25/2023,5,165,114,,,38,,,
Bonsai,4/25/2023,6,165,114,,,39,,,
Bonsai,4/25/2023,7,168,114,171,339.2857143,40,,,
Bonsai,4/25/2023,8,168,114,,,41,,,
Bonsai,4/25/2023,9,172,114,,,42,,,
Bonsai,4/25/2023,10,175,114,,,43,,,
Bonsai,4/25/2023,11,168,114,163,291.6666667,44,,,
Bonsai,4/25/2023,12,172,114,170,325.5813953,45,,,
Canadian Ridge,4/25/2023,1,69,114,136,318.8405797,46,,,
Canadian Ridge,4/25/2023,2,75,114,,,47,,,
Canadian Ridge,4/25/2023,3,126,114,,,48,,,
Canadian Ridge,4/25/2023,4,178,114,180,370.7865169,49,,,
Canadian Ridge,4/25/2023,5,191,114,,,50,,,
Canadian Ridge,4/25/2023,6,181,114,,,51,,,
Canadian Ridge,4/25/2023,7,174,114,170,321.8390805,52,,,
Canadian Ridge,4/25/2023,8,142,114,,,53,,,
Canadian Ridge,4/25/2023,9,128,114,,,54,,,
Canadian Ridge,4/25/2023,10,122,114,145,254.0983607,55,,,
Canadian Ridge,4/25/2023,11,131,114,,,56,,,
Canadian Ridge,4/25/2023,12,126,114,,,57,,,
Canadian Ridge,4/25/2023,13,122,114,153,319.6721311,58,,,
Canadian Ridge,4/25/2023,14,128,114,,,59,,,
Powerline,4/25/2023,1,122,114,160,377.0491803,60,,,
Powerline,4/25/2023,2,110,114,,,61,,,
Powerline,4/25/2023,3,132,114,,,62,,,
Powerline,4/25/2023,4,86,114,136,255.8139535,63,,,
Powerline,4/25/2023,5,125,114,,,64,,,
Powerline,4/25/2023,6,115,114,,,65,,,
Powerline,4/25/2023,7,109,114,146,293.5779817,66,,,
Powerline,4/25/2023,8,112,114,,,67,,,
Powerline,4/25/2023,9,146,114,,,68,,,
Powerline,4/25/2023,10,144,114,162,333.3333333,69,,,
Powerline,4/25/2023,11,148,114,,,70,,,
Fortress Ridge South,5/11/2023,1,174,162,225,362.0689655,1,,,
Fortress Ridge South,5/11/2023,2,201,162,,,2,,,
Fortress Ridge South,5/11/2023,3,140,162,,,3,,,
Fortress Ridge South,5/11/2023,4,147,162,213,346.9387755,4,,,
Fortress Ridge South,5/11/2023,5,158,162,,,5,,,
Fortress Ridge South,5/11/2023,6,157,162,,,6,,,
Fortress Ridge South,5/11/2023,7,108,162,207,416.6666667,7,,,
Fortress Ridge South,5/11/2023,8,124,162,,,8,,,
Fortress Ridge South,5/11/2023,9,111,162,,,9,,,
Fortress Ridge South,5/11/2023,10,80,162,191,362.5,10,,,
Fortress Ridge,5/11/2023,1,0,,,,13,,,
Fortress Ridge,5/11/2023,2,0,,,,14,,,
Fortress Ridge,5/11/2023,3,0,,,,15,,,
Fortress Ridge,5/11/2023,4,0,,,,16,,,
Fortress Ridge,5/11/2023,5,0,,,,17,,,
Fortress Ridge,5/11/2023,6,0,,,,18,,,
Fortress Ridge,5/11/2023,7,0,,,,19,,,
Fortress Ridge,5/11/2023,8,0,,,,20,,,
Fortress Ridge,5/11/2023,9,0,,,,21,,,
Fortress Ridge,5/11/2023,10,0,,,,22,,,
Fortress Ridge,5/11/2023,11,0,,,,23,,,
Fortress Ridge,5/11/2023,12,0,,,,24,,,
Fortress Ridge,5/11/2023,13,0,,,,25,,,
Fortress Ridge,5/11/2023,14,0,,,,26,,,
Fortress Ridge,5/11/2023,15,0,,,,27,,,
Fortress Ridge,5/11/2023,16,0,,,,28,,,
Fortress Ridge,5/11/2023,17,0,,,,29,,,
Fortress Ridge,5/11/2023,18,0,,,,30,,,
Fortress Ridge,5/11/2023,19,0,,,,31,,,
Fortress Ridge,5/11/2023,20,0,,,,32,,,
Bonsai,5/11/2023,1,98,66,102,367.3469388,33,,,
Bonsai,5/11/2023,2,104,66,,,34,,,
Bonsai,5/11/2023,3,97,66,106,412.371134,35,,,
Bonsai,5/11/2023,4,107,66,,,36,,,
Bonsai,5/11/2023,5,100,66,,,37,,,
Bonsai,5/11/2023,6,103,66,106,388.3495146,38,,,
Bonsai,5/11/2023,7,105,66,,,39,,,
Bonsai,5/11/2023,8,120,66,,,40,,,
Bonsai,5/11/2023,9,120,66,110,366.6666667,41,,,
Canadian Ridge,5/11/2023,1,48,67,84,354.1666667,46,,,
Canadian Ridge,5/11/2023,2,71,67,,,47,,,
Canadian Ridge,5/11/2023,3,114,67,,,48,,,
Canadian Ridge,5/11/2023,4,137,67,117,364.9635036,49,,,
Canadian Ridge,5/11/2023,5,121,67,,,50,,,
Canadian Ridge,5/11/2023,6,102,67,,,51,,,
Canadian Ridge,5/11/2023,7,75,67,93,346.6666667,52,,,
Canadian Ridge,5/11/2023,8,69,67,,,53,,,
Canadian Ridge,5/11/2023,9,65,67,,,54,,,
Canadian Ridge,5/11/2023,10,72,67,93,361.1111111,55,,,
Canadian Ridge,5/11/2023,11,57,67,,,56,,,
Canadian Ridge,5/11/2023,12,59,67,,,57,,,
Canadian Ridge,5/11/2023,13,59,67,87,338.9830508,58,,,
Canadian Ridge,5/11/2023,14,60,67,,,59,,,
Canadian Ridge,5/11/2023,15,60,67,,,60,,,
Canadian Ridge,5/11/2023,16,60,67,,,NA,,,
Powerline,5/11/2023,1,95,67,110,452.6315789,61,,,
Powerline,5/11/2023,2,50,67,,,62,,,
Powerline,5/11/2023,3,72,67,,,NA,,,
Powerline,5/11/2023,4,83,67,92,301.2048193,NA,,,
Powerline,5/11/2023,5,33,67,,,NA,,,
Powerline,5/11/2023,6,63,67,,,63,,,
Powerline,5/11/2023,7,59,67,86,322.0338983,NA,,,
Powerline,5/11/2023,8,79,67,,,NA,,,
Powerline,5/11/2023,9,71,67,,,64,,,
Powerline,5/11/2023,10,69,67,86,275.3623188,66,,,
Powerline,5/11/2023,11,88,67,,,67,,,
Powerline,5/11/2023,12,90,67,,,68,,,
Powerline,5/11/2023,13,81,67,94,333.3333333,69,,,
Powerline,5/11/2023,14,93,67,,,70,,,
Fortress Ridge South,5/24/2023,1,73,36,70,465.7534247,1,many errors with GPS,,
Fortress Ridge South,5/24/2023,2,101,36,,,2,,,
Fortress Ridge South,5/24/2023,3,64,36,,,3,,,
Fortress Ridge South,5/24/2023,4,33,36,56,606.0606061,4,,,
Fortress Ridge South,5/24/2023,5,30,36,,,5,,,
Fortress Ridge South,5/24/2023,6,76,36,72,473.6842105,6,,,
Fortress Ridge South,5/24/2023,7,34,36,55,558.8235294,7,,,
Bonsai,5/24/2023,1,12,36,42,500,8,,,
Bonsai,5/24/2023,2,23,36,,,9,,,
Bonsai,5/24/2023,3,12,36,,,10,,,
Bonsai,5/24/2023,4,19,36,45,473.6842105,11,,,
Bonsai,5/24/2023,5,7,36,,,12,,,
Bonsai,5/24/2023,6,8,36,,,13,,,
Bonsai,5/24/2023,7,17,36,43.5,441.1764706,14,,,
Bonsai,5/24/2023,8,45,36,,,15,,,
Bonsai,5/24/2023,9,60,36,59.5,391.6666667,16,,,
Canadian Ridge,5/24/2023,1,0,36,,,19,,,
Canadian Ridge,5/24/2023,2,0,36,,,20,,,
Canadian Ridge,5/24/2023,3,0,36,,,21,,,
Canadian Ridge,5/24/2023,4,12,36,42,500,22,,,
Canadian Ridge,5/24/2023,5,26,36,50,538.4615385,23,,,
Canadian Ridge,5/24/2023,6,10,36,41.5,550,24,,,
Canadian Ridge,5/24/2023,7,0,36,,,25,,,
Canadian Ridge,5/24/2023,8,0,36,,,26,,,
Canadian Ridge,5/24/2023,9,0,36,,,27,,,
Canadian Ridge,5/24/2023,10,0,36,,,28,,,
Canadian Ridge,5/24/2023,11,0,36,,,29,,,
Fortress Ridge South,5/24/2023,8,0,36,,,NA,,,
Fortress Ridge South,5/24/2023,9,0,36,,,NA,,,
Fortress Ridge South,5/24/2023,10,0,36,,,NA,,,
Fortress Ridge South,5/24/2023,11,0,36,,,NA,,,
Fortress Ridge South,5/24/2023,12,0,36,,,NA,,,
Powerline,5/24/2023,1,0,36,,,30,,,
Powerline,5/24/2023,2,0,36,,,31,,,
Powerline,5/24/2023,3,25,36,47.5,460,33,,,
Powerline,5/24/2023,4,0,36,,,34,,,
Powerline,5/24/2023,5,0,36,,,35,,,
Powerline,5/24/2023,6,0,36,,,36,,,
Powerline,5/24/2023,7,10,36,40,400,37,,,
Powerline,5/24/2023,8,0,36,,,38,,,
Powerline,5/24/2023,9,22,36,46,454.5454545,39,,,
Powerline,5/24/2023,10,7,36,,,40,,,
Powerline,5/24/2023,11,0,36,,,41,,,
Powerline,5/24/2023,12,0,36,,,42,,,
